<PAMDataset>
  <Metadata />
  <Metadata domain="Esri">
    <MDI key="PyramidResamplingType">NEAREST</MDI>
  </Metadata>
  <PAMRasterBand band="1">
    <Histograms>
      <HistItem>
        <HistMin>7</HistMin>
        <HistMax>631</HistMax>
        <BucketCount>256</BucketCount>
        <IncludeOutOfRange>1</IncludeOutOfRange>
        <Approximate>0</Approximate>
        <HistCounts>17|142|1509|3041|9968|10887|21997|18154|28325|19143|19822|30490|20465|30779|21093|36583|26984|44088|30242|30402|44490|30004|46404|31323|48198|32536|48982|31859|31970|47070|30847|45515|29712|42873|27646|40920|26671|25639|37195|24185|34585|22277|31836|20102|28898|18437|27106|17336|17108|25012|16228|24053|15913|23206|14942|21929|14357|13942|20612|13536|19573|12971|18915|12344|17955|11722|11340|16852|10870|15779|10285|14979|9756|14474|9222|9235|13487|8894|13180|8604|12228|8439|12213|7939|7981|11800|7697|11324|7533|10908|7007|10511|6846|10254|6758|6616|9848|6456|9443|6111|9160|5894|8668|5714|5574|8257|5354|7867|5119|7616|4927|7435|4702|4698|6932|4542|6553|4459|6377|4052|6052|3924|3966|5740|3816|5641|3544|5482|3489|5222|3331|4983|3225|3175|4790|3105|4561|3105|4521|2662|4072|2770|2596|3718|2583|3707|2443|3629|2250|3376|2140|2088|2899|1970|2780|1840|2695|1684|2421|1608|1530|2235|1447|2123|1324|1911|1223|1744|1159|1019|1633|971|1366|942|1358|798|1209|801|1096|670|641|988|633|901|560|787|522|760|483|478|690|429|613|385|632|370|537|330|313|441|248|412|249|386|213|316|178|182|265|155|241|107|203|132|173|102|162|87|92|136|85|119|76|99|50|80|37|49|51|45|45|24|38|19|30|25|17|23|14|10|4|14|6|4|6|4|3|5|4|5|6|2|2|2|0|1</HistCounts>
      </HistItem>
    </Histograms>
    <GDALRasterAttributeTable>
      <FieldDefn index="0">
        <Name>OBJECTID</Name>
        <Type>0</Type>
        <Usage>0</Usage>
      </FieldDefn>
      <FieldDefn index="1">
        <Name>Value</Name>
        <Type>0</Type>
        <Usage>0</Usage>
      </FieldDefn>
      <FieldDefn index="2">
        <Name>Count</Name>
        <Type>1</Type>
        <Usage>0</Usage>
      </FieldDefn>
      <Row index="0">
        <F>15</F>
        <F>7</F>
        <F>1</F>
      </Row>
      <Row index="1">
        <F>16</F>
        <F>8</F>
        <F>2</F>
      </Row>
      <Row index="2">
        <F>17</F>
        <F>9</F>
        <F>14</F>
      </Row>
      <Row index="3">
        <F>18</F>
        <F>10</F>
        <F>37</F>
      </Row>
      <Row index="4">
        <F>19</F>
        <F>11</F>
        <F>105</F>
      </Row>
      <Row index="5">
        <F>20</F>
        <F>12</F>
        <F>267</F>
      </Row>
      <Row index="6">
        <F>21</F>
        <F>13</F>
        <F>510</F>
      </Row>
      <Row index="7">
        <F>22</F>
        <F>14</F>
        <F>732</F>
      </Row>
      <Row index="8">
        <F>23</F>
        <F>15</F>
        <F>1232</F>
      </Row>
      <Row index="9">
        <F>24</F>
        <F>16</F>
        <F>1809</F>
      </Row>
      <Row index="10">
        <F>25</F>
        <F>17</F>
        <F>2569</F>
      </Row>
      <Row index="11">
        <F>26</F>
        <F>18</F>
        <F>3401</F>
      </Row>
      <Row index="12">
        <F>27</F>
        <F>19</F>
        <F>3998</F>
      </Row>
      <Row index="13">
        <F>28</F>
        <F>20</F>
        <F>5073</F>
      </Row>
      <Row index="14">
        <F>29</F>
        <F>21</F>
        <F>5814</F>
      </Row>
      <Row index="15">
        <F>30</F>
        <F>22</F>
        <F>6607</F>
      </Row>
      <Row index="16">
        <F>31</F>
        <F>23</F>
        <F>7327</F>
      </Row>
      <Row index="17">
        <F>32</F>
        <F>24</F>
        <F>8063</F>
      </Row>
      <Row index="18">
        <F>33</F>
        <F>25</F>
        <F>8882</F>
      </Row>
      <Row index="19">
        <F>34</F>
        <F>26</F>
        <F>9272</F>
      </Row>
      <Row index="20">
        <F>35</F>
        <F>27</F>
        <F>9389</F>
      </Row>
      <Row index="21">
        <F>36</F>
        <F>28</F>
        <F>9434</F>
      </Row>
      <Row index="22">
        <F>37</F>
        <F>29</F>
        <F>9502</F>
      </Row>
      <Row index="23">
        <F>38</F>
        <F>30</F>
        <F>9410</F>
      </Row>
      <Row index="24">
        <F>39</F>
        <F>31</F>
        <F>9733</F>
      </Row>
      <Row index="25">
        <F>40</F>
        <F>32</F>
        <F>9856</F>
      </Row>
      <Row index="26">
        <F>41</F>
        <F>33</F>
        <F>9966</F>
      </Row>
      <Row index="27">
        <F>42</F>
        <F>34</F>
        <F>10077</F>
      </Row>
      <Row index="28">
        <F>43</F>
        <F>35</F>
        <F>10283</F>
      </Row>
      <Row index="29">
        <F>44</F>
        <F>36</F>
        <F>10130</F>
      </Row>
      <Row index="30">
        <F>45</F>
        <F>37</F>
        <F>10130</F>
      </Row>
      <Row index="31">
        <F>46</F>
        <F>38</F>
        <F>10335</F>
      </Row>
      <Row index="32">
        <F>47</F>
        <F>39</F>
        <F>10271</F>
      </Row>
      <Row index="33">
        <F>48</F>
        <F>40</F>
        <F>10124</F>
      </Row>
      <Row index="34">
        <F>49</F>
        <F>41</F>
        <F>10384</F>
      </Row>
      <Row index="35">
        <F>50</F>
        <F>42</F>
        <F>10242</F>
      </Row>
      <Row index="36">
        <F>51</F>
        <F>43</F>
        <F>10851</F>
      </Row>
      <Row index="37">
        <F>52</F>
        <F>44</F>
        <F>11626</F>
      </Row>
      <Row index="38">
        <F>53</F>
        <F>45</F>
        <F>12127</F>
      </Row>
      <Row index="39">
        <F>54</F>
        <F>46</F>
        <F>12830</F>
      </Row>
      <Row index="40">
        <F>55</F>
        <F>47</F>
        <F>13325</F>
      </Row>
      <Row index="41">
        <F>56</F>
        <F>48</F>
        <F>13659</F>
      </Row>
      <Row index="42">
        <F>57</F>
        <F>49</F>
        <F>14312</F>
      </Row>
      <Row index="43">
        <F>58</F>
        <F>50</F>
        <F>14808</F>
      </Row>
      <Row index="44">
        <F>59</F>
        <F>51</F>
        <F>14968</F>
      </Row>
      <Row index="45">
        <F>60</F>
        <F>52</F>
        <F>14982</F>
      </Row>
      <Row index="46">
        <F>61</F>
        <F>53</F>
        <F>15260</F>
      </Row>
      <Row index="47">
        <F>62</F>
        <F>54</F>
        <F>15131</F>
      </Row>
      <Row index="48">
        <F>63</F>
        <F>55</F>
        <F>15271</F>
      </Row>
      <Row index="49">
        <F>64</F>
        <F>56</F>
        <F>15070</F>
      </Row>
      <Row index="50">
        <F>65</F>
        <F>57</F>
        <F>14863</F>
      </Row>
      <Row index="51">
        <F>66</F>
        <F>58</F>
        <F>14557</F>
      </Row>
      <Row index="52">
        <F>67</F>
        <F>59</F>
        <F>14819</F>
      </Row>
      <Row index="53">
        <F>68</F>
        <F>60</F>
        <F>15185</F>
      </Row>
      <Row index="54">
        <F>69</F>
        <F>61</F>
        <F>15241</F>
      </Row>
      <Row index="55">
        <F>70</F>
        <F>62</F>
        <F>15484</F>
      </Row>
      <Row index="56">
        <F>71</F>
        <F>63</F>
        <F>15679</F>
      </Row>
      <Row index="57">
        <F>72</F>
        <F>64</F>
        <F>15645</F>
      </Row>
      <Row index="58">
        <F>73</F>
        <F>65</F>
        <F>15678</F>
      </Row>
      <Row index="59">
        <F>74</F>
        <F>66</F>
        <F>15801</F>
      </Row>
      <Row index="60">
        <F>75</F>
        <F>67</F>
        <F>16040</F>
      </Row>
      <Row index="61">
        <F>76</F>
        <F>68</F>
        <F>16357</F>
      </Row>
      <Row index="62">
        <F>77</F>
        <F>69</F>
        <F>16233</F>
      </Row>
      <Row index="63">
        <F>78</F>
        <F>70</F>
        <F>16303</F>
      </Row>
      <Row index="64">
        <F>79</F>
        <F>71</F>
        <F>16233</F>
      </Row>
      <Row index="65">
        <F>80</F>
        <F>72</F>
        <F>16378</F>
      </Row>
      <Row index="66">
        <F>81</F>
        <F>73</F>
        <F>16371</F>
      </Row>
      <Row index="67">
        <F>82</F>
        <F>74</F>
        <F>16154</F>
      </Row>
      <Row index="68">
        <F>83</F>
        <F>75</F>
        <F>15705</F>
      </Row>
      <Row index="69">
        <F>84</F>
        <F>76</F>
        <F>16170</F>
      </Row>
      <Row index="70">
        <F>85</F>
        <F>77</F>
        <F>15800</F>
      </Row>
      <Row index="71">
        <F>86</F>
        <F>78</F>
        <F>15664</F>
      </Row>
      <Row index="72">
        <F>87</F>
        <F>79</F>
        <F>15855</F>
      </Row>
      <Row index="73">
        <F>88</F>
        <F>80</F>
        <F>15551</F>
      </Row>
      <Row index="74">
        <F>89</F>
        <F>81</F>
        <F>15400</F>
      </Row>
      <Row index="75">
        <F>90</F>
        <F>82</F>
        <F>15447</F>
      </Row>
      <Row index="76">
        <F>91</F>
        <F>83</F>
        <F>15378</F>
      </Row>
      <Row index="77">
        <F>92</F>
        <F>84</F>
        <F>15188</F>
      </Row>
      <Row index="78">
        <F>93</F>
        <F>85</F>
        <F>14949</F>
      </Row>
      <Row index="79">
        <F>94</F>
        <F>86</F>
        <F>14995</F>
      </Row>
      <Row index="80">
        <F>95</F>
        <F>87</F>
        <F>14717</F>
      </Row>
      <Row index="81">
        <F>96</F>
        <F>88</F>
        <F>14536</F>
      </Row>
      <Row index="82">
        <F>97</F>
        <F>89</F>
        <F>14256</F>
      </Row>
      <Row index="83">
        <F>98</F>
        <F>90</F>
        <F>14081</F>
      </Row>
      <Row index="84">
        <F>99</F>
        <F>91</F>
        <F>13931</F>
      </Row>
      <Row index="85">
        <F>100</F>
        <F>92</F>
        <F>13715</F>
      </Row>
      <Row index="86">
        <F>101</F>
        <F>93</F>
        <F>13796</F>
      </Row>
      <Row index="87">
        <F>102</F>
        <F>94</F>
        <F>13658</F>
      </Row>
      <Row index="88">
        <F>103</F>
        <F>95</F>
        <F>13466</F>
      </Row>
      <Row index="89">
        <F>104</F>
        <F>96</F>
        <F>13328</F>
      </Row>
      <Row index="90">
        <F>105</F>
        <F>97</F>
        <F>13343</F>
      </Row>
      <Row index="91">
        <F>106</F>
        <F>98</F>
        <F>12906</F>
      </Row>
      <Row index="92">
        <F>107</F>
        <F>99</F>
        <F>12733</F>
      </Row>
      <Row index="93">
        <F>108</F>
        <F>100</F>
        <F>12332</F>
      </Row>
      <Row index="94">
        <F>109</F>
        <F>101</F>
        <F>12582</F>
      </Row>
      <Row index="95">
        <F>110</F>
        <F>102</F>
        <F>12281</F>
      </Row>
      <Row index="96">
        <F>111</F>
        <F>103</F>
        <F>12138</F>
      </Row>
      <Row index="97">
        <F>112</F>
        <F>104</F>
        <F>12047</F>
      </Row>
      <Row index="98">
        <F>113</F>
        <F>105</F>
        <F>11517</F>
      </Row>
      <Row index="99">
        <F>114</F>
        <F>106</F>
        <F>11680</F>
      </Row>
      <Row index="100">
        <F>115</F>
        <F>107</F>
        <F>11388</F>
      </Row>
      <Row index="101">
        <F>116</F>
        <F>108</F>
        <F>11306</F>
      </Row>
      <Row index="102">
        <F>117</F>
        <F>109</F>
        <F>10971</F>
      </Row>
      <Row index="103">
        <F>118</F>
        <F>110</F>
        <F>10695</F>
      </Row>
      <Row index="104">
        <F>119</F>
        <F>111</F>
        <F>10758</F>
      </Row>
      <Row index="105">
        <F>120</F>
        <F>112</F>
        <F>10383</F>
      </Row>
      <Row index="106">
        <F>121</F>
        <F>113</F>
        <F>10217</F>
      </Row>
      <Row index="107">
        <F>122</F>
        <F>114</F>
        <F>9885</F>
      </Row>
      <Row index="108">
        <F>123</F>
        <F>115</F>
        <F>9684</F>
      </Row>
      <Row index="109">
        <F>124</F>
        <F>116</F>
        <F>9544</F>
      </Row>
      <Row index="110">
        <F>125</F>
        <F>117</F>
        <F>9670</F>
      </Row>
      <Row index="111">
        <F>126</F>
        <F>118</F>
        <F>9263</F>
      </Row>
      <Row index="112">
        <F>127</F>
        <F>119</F>
        <F>9174</F>
      </Row>
      <Row index="113">
        <F>128</F>
        <F>120</F>
        <F>9080</F>
      </Row>
      <Row index="114">
        <F>129</F>
        <F>121</F>
        <F>9160</F>
      </Row>
      <Row index="115">
        <F>130</F>
        <F>122</F>
        <F>8866</F>
      </Row>
      <Row index="116">
        <F>131</F>
        <F>123</F>
        <F>8770</F>
      </Row>
      <Row index="117">
        <F>132</F>
        <F>124</F>
        <F>8566</F>
      </Row>
      <Row index="118">
        <F>133</F>
        <F>125</F>
        <F>8569</F>
      </Row>
      <Row index="119">
        <F>134</F>
        <F>126</F>
        <F>8539</F>
      </Row>
      <Row index="120">
        <F>135</F>
        <F>127</F>
        <F>8443</F>
      </Row>
      <Row index="121">
        <F>136</F>
        <F>128</F>
        <F>8338</F>
      </Row>
      <Row index="122">
        <F>137</F>
        <F>129</F>
        <F>8231</F>
      </Row>
      <Row index="123">
        <F>138</F>
        <F>130</F>
        <F>8146</F>
      </Row>
      <Row index="124">
        <F>139</F>
        <F>131</F>
        <F>8082</F>
      </Row>
      <Row index="125">
        <F>140</F>
        <F>132</F>
        <F>8186</F>
      </Row>
      <Row index="126">
        <F>141</F>
        <F>133</F>
        <F>7867</F>
      </Row>
      <Row index="127">
        <F>142</F>
        <F>134</F>
        <F>8000</F>
      </Row>
      <Row index="128">
        <F>143</F>
        <F>135</F>
        <F>7922</F>
      </Row>
      <Row index="129">
        <F>144</F>
        <F>136</F>
        <F>7991</F>
      </Row>
      <Row index="130">
        <F>145</F>
        <F>137</F>
        <F>7815</F>
      </Row>
      <Row index="131">
        <F>146</F>
        <F>138</F>
        <F>7848</F>
      </Row>
      <Row index="132">
        <F>147</F>
        <F>139</F>
        <F>7543</F>
      </Row>
      <Row index="133">
        <F>148</F>
        <F>140</F>
        <F>7438</F>
      </Row>
      <Row index="134">
        <F>149</F>
        <F>141</F>
        <F>7504</F>
      </Row>
      <Row index="135">
        <F>150</F>
        <F>142</F>
        <F>7345</F>
      </Row>
      <Row index="136">
        <F>151</F>
        <F>143</F>
        <F>7377</F>
      </Row>
      <Row index="137">
        <F>152</F>
        <F>144</F>
        <F>7207</F>
      </Row>
      <Row index="138">
        <F>153</F>
        <F>145</F>
        <F>7160</F>
      </Row>
      <Row index="139">
        <F>154</F>
        <F>146</F>
        <F>7197</F>
      </Row>
      <Row index="140">
        <F>155</F>
        <F>147</F>
        <F>7024</F>
      </Row>
      <Row index="141">
        <F>156</F>
        <F>148</F>
        <F>6918</F>
      </Row>
      <Row index="142">
        <F>157</F>
        <F>149</F>
        <F>7021</F>
      </Row>
      <Row index="143">
        <F>158</F>
        <F>150</F>
        <F>6918</F>
      </Row>
      <Row index="144">
        <F>159</F>
        <F>151</F>
        <F>6673</F>
      </Row>
      <Row index="145">
        <F>160</F>
        <F>152</F>
        <F>6750</F>
      </Row>
      <Row index="146">
        <F>161</F>
        <F>153</F>
        <F>6786</F>
      </Row>
      <Row index="147">
        <F>162</F>
        <F>154</F>
        <F>6569</F>
      </Row>
      <Row index="148">
        <F>163</F>
        <F>155</F>
        <F>6430</F>
      </Row>
      <Row index="149">
        <F>164</F>
        <F>156</F>
        <F>6574</F>
      </Row>
      <Row index="150">
        <F>165</F>
        <F>157</F>
        <F>6500</F>
      </Row>
      <Row index="151">
        <F>166</F>
        <F>158</F>
        <F>6471</F>
      </Row>
      <Row index="152">
        <F>167</F>
        <F>159</F>
        <F>6253</F>
      </Row>
      <Row index="153">
        <F>168</F>
        <F>160</F>
        <F>6436</F>
      </Row>
      <Row index="154">
        <F>169</F>
        <F>161</F>
        <F>6226</F>
      </Row>
      <Row index="155">
        <F>170</F>
        <F>162</F>
        <F>6189</F>
      </Row>
      <Row index="156">
        <F>171</F>
        <F>163</F>
        <F>6155</F>
      </Row>
      <Row index="157">
        <F>172</F>
        <F>164</F>
        <F>5985</F>
      </Row>
      <Row index="158">
        <F>173</F>
        <F>165</F>
        <F>5954</F>
      </Row>
      <Row index="159">
        <F>174</F>
        <F>166</F>
        <F>6016</F>
      </Row>
      <Row index="160">
        <F>175</F>
        <F>167</F>
        <F>5891</F>
      </Row>
      <Row index="161">
        <F>176</F>
        <F>168</F>
        <F>5831</F>
      </Row>
      <Row index="162">
        <F>177</F>
        <F>169</F>
        <F>5696</F>
      </Row>
      <Row index="163">
        <F>178</F>
        <F>170</F>
        <F>5644</F>
      </Row>
      <Row index="164">
        <F>179</F>
        <F>171</F>
        <F>5634</F>
      </Row>
      <Row index="165">
        <F>180</F>
        <F>172</F>
        <F>5675</F>
      </Row>
      <Row index="166">
        <F>181</F>
        <F>173</F>
        <F>5543</F>
      </Row>
      <Row index="167">
        <F>182</F>
        <F>174</F>
        <F>5460</F>
      </Row>
      <Row index="168">
        <F>183</F>
        <F>175</F>
        <F>5410</F>
      </Row>
      <Row index="169">
        <F>184</F>
        <F>176</F>
        <F>5195</F>
      </Row>
      <Row index="170">
        <F>185</F>
        <F>177</F>
        <F>5361</F>
      </Row>
      <Row index="171">
        <F>186</F>
        <F>178</F>
        <F>5223</F>
      </Row>
      <Row index="172">
        <F>187</F>
        <F>179</F>
        <F>5170</F>
      </Row>
      <Row index="173">
        <F>188</F>
        <F>180</F>
        <F>5115</F>
      </Row>
      <Row index="174">
        <F>189</F>
        <F>181</F>
        <F>5095</F>
      </Row>
      <Row index="175">
        <F>190</F>
        <F>182</F>
        <F>4910</F>
      </Row>
      <Row index="176">
        <F>191</F>
        <F>183</F>
        <F>4974</F>
      </Row>
      <Row index="177">
        <F>192</F>
        <F>184</F>
        <F>4951</F>
      </Row>
      <Row index="178">
        <F>193</F>
        <F>185</F>
        <F>4805</F>
      </Row>
      <Row index="179">
        <F>194</F>
        <F>186</F>
        <F>4781</F>
      </Row>
      <Row index="180">
        <F>195</F>
        <F>187</F>
        <F>4804</F>
      </Row>
      <Row index="181">
        <F>196</F>
        <F>188</F>
        <F>4889</F>
      </Row>
      <Row index="182">
        <F>197</F>
        <F>189</F>
        <F>4635</F>
      </Row>
      <Row index="183">
        <F>198</F>
        <F>190</F>
        <F>4587</F>
      </Row>
      <Row index="184">
        <F>199</F>
        <F>191</F>
        <F>4606</F>
      </Row>
      <Row index="185">
        <F>200</F>
        <F>192</F>
        <F>4629</F>
      </Row>
      <Row index="186">
        <F>201</F>
        <F>193</F>
        <F>4467</F>
      </Row>
      <Row index="187">
        <F>202</F>
        <F>194</F>
        <F>4527</F>
      </Row>
      <Row index="188">
        <F>203</F>
        <F>195</F>
        <F>4493</F>
      </Row>
      <Row index="189">
        <F>204</F>
        <F>196</F>
        <F>4297</F>
      </Row>
      <Row index="190">
        <F>205</F>
        <F>197</F>
        <F>4597</F>
      </Row>
      <Row index="191">
        <F>206</F>
        <F>198</F>
        <F>4415</F>
      </Row>
      <Row index="192">
        <F>207</F>
        <F>199</F>
        <F>4405</F>
      </Row>
      <Row index="193">
        <F>208</F>
        <F>200</F>
        <F>4360</F>
      </Row>
      <Row index="194">
        <F>209</F>
        <F>201</F>
        <F>4393</F>
      </Row>
      <Row index="195">
        <F>210</F>
        <F>202</F>
        <F>4211</F>
      </Row>
      <Row index="196">
        <F>211</F>
        <F>203</F>
        <F>4003</F>
      </Row>
      <Row index="197">
        <F>212</F>
        <F>204</F>
        <F>4222</F>
      </Row>
      <Row index="198">
        <F>213</F>
        <F>205</F>
        <F>4003</F>
      </Row>
      <Row index="199">
        <F>214</F>
        <F>206</F>
        <F>4297</F>
      </Row>
      <Row index="200">
        <F>215</F>
        <F>207</F>
        <F>4142</F>
      </Row>
      <Row index="201">
        <F>216</F>
        <F>208</F>
        <F>4131</F>
      </Row>
      <Row index="202">
        <F>217</F>
        <F>209</F>
        <F>4062</F>
      </Row>
      <Row index="203">
        <F>218</F>
        <F>210</F>
        <F>4020</F>
      </Row>
      <Row index="204">
        <F>219</F>
        <F>211</F>
        <F>3919</F>
      </Row>
      <Row index="205">
        <F>220</F>
        <F>212</F>
        <F>4020</F>
      </Row>
      <Row index="206">
        <F>221</F>
        <F>213</F>
        <F>3961</F>
      </Row>
      <Row index="207">
        <F>222</F>
        <F>214</F>
        <F>4020</F>
      </Row>
      <Row index="208">
        <F>223</F>
        <F>215</F>
        <F>4017</F>
      </Row>
      <Row index="209">
        <F>224</F>
        <F>216</F>
        <F>3890</F>
      </Row>
      <Row index="210">
        <F>225</F>
        <F>217</F>
        <F>3893</F>
      </Row>
      <Row index="211">
        <F>226</F>
        <F>218</F>
        <F>3891</F>
      </Row>
      <Row index="212">
        <F>227</F>
        <F>219</F>
        <F>3806</F>
      </Row>
      <Row index="213">
        <F>228</F>
        <F>220</F>
        <F>3843</F>
      </Row>
      <Row index="214">
        <F>229</F>
        <F>221</F>
        <F>3715</F>
      </Row>
      <Row index="215">
        <F>230</F>
        <F>222</F>
        <F>3766</F>
      </Row>
      <Row index="216">
        <F>231</F>
        <F>223</F>
        <F>3785</F>
      </Row>
      <Row index="217">
        <F>232</F>
        <F>224</F>
        <F>3748</F>
      </Row>
      <Row index="218">
        <F>233</F>
        <F>225</F>
        <F>3596</F>
      </Row>
      <Row index="219">
        <F>234</F>
        <F>226</F>
        <F>3649</F>
      </Row>
      <Row index="220">
        <F>235</F>
        <F>227</F>
        <F>3663</F>
      </Row>
      <Row index="221">
        <F>236</F>
        <F>228</F>
        <F>3532</F>
      </Row>
      <Row index="222">
        <F>237</F>
        <F>229</F>
        <F>3475</F>
      </Row>
      <Row index="223">
        <F>238</F>
        <F>230</F>
        <F>3499</F>
      </Row>
      <Row index="224">
        <F>239</F>
        <F>231</F>
        <F>3513</F>
      </Row>
      <Row index="225">
        <F>240</F>
        <F>232</F>
        <F>3499</F>
      </Row>
      <Row index="226">
        <F>241</F>
        <F>233</F>
        <F>3401</F>
      </Row>
      <Row index="227">
        <F>242</F>
        <F>234</F>
        <F>3445</F>
      </Row>
      <Row index="228">
        <F>243</F>
        <F>235</F>
        <F>3360</F>
      </Row>
      <Row index="229">
        <F>244</F>
        <F>236</F>
        <F>3421</F>
      </Row>
      <Row index="230">
        <F>245</F>
        <F>237</F>
        <F>3473</F>
      </Row>
      <Row index="231">
        <F>246</F>
        <F>238</F>
        <F>3379</F>
      </Row>
      <Row index="232">
        <F>247</F>
        <F>239</F>
        <F>3379</F>
      </Row>
      <Row index="233">
        <F>248</F>
        <F>240</F>
        <F>3227</F>
      </Row>
      <Row index="234">
        <F>249</F>
        <F>241</F>
        <F>3389</F>
      </Row>
      <Row index="235">
        <F>250</F>
        <F>242</F>
        <F>3257</F>
      </Row>
      <Row index="236">
        <F>251</F>
        <F>243</F>
        <F>3336</F>
      </Row>
      <Row index="237">
        <F>252</F>
        <F>244</F>
        <F>3255</F>
      </Row>
      <Row index="238">
        <F>253</F>
        <F>245</F>
        <F>3278</F>
      </Row>
      <Row index="239">
        <F>254</F>
        <F>246</F>
        <F>3178</F>
      </Row>
      <Row index="240">
        <F>255</F>
        <F>247</F>
        <F>3121</F>
      </Row>
      <Row index="241">
        <F>256</F>
        <F>248</F>
        <F>3223</F>
      </Row>
      <Row index="242">
        <F>257</F>
        <F>249</F>
        <F>3099</F>
      </Row>
      <Row index="243">
        <F>258</F>
        <F>250</F>
        <F>3061</F>
      </Row>
      <Row index="244">
        <F>259</F>
        <F>251</F>
        <F>3050</F>
      </Row>
      <Row index="245">
        <F>260</F>
        <F>252</F>
        <F>3094</F>
      </Row>
      <Row index="246">
        <F>261</F>
        <F>253</F>
        <F>3042</F>
      </Row>
      <Row index="247">
        <F>262</F>
        <F>254</F>
        <F>3024</F>
      </Row>
      <Row index="248">
        <F>263</F>
        <F>255</F>
        <F>2890</F>
      </Row>
      <Row index="249">
        <F>264</F>
        <F>256</F>
        <F>3004</F>
      </Row>
      <Row index="250">
        <F>265</F>
        <F>257</F>
        <F>2938</F>
      </Row>
      <Row index="251">
        <F>266</F>
        <F>258</F>
        <F>2926</F>
      </Row>
      <Row index="252">
        <F>267</F>
        <F>259</F>
        <F>2804</F>
      </Row>
      <Row index="253">
        <F>268</F>
        <F>260</F>
        <F>2949</F>
      </Row>
      <Row index="254">
        <F>269</F>
        <F>261</F>
        <F>2765</F>
      </Row>
      <Row index="255">
        <F>270</F>
        <F>262</F>
        <F>2842</F>
      </Row>
      <Row index="256">
        <F>271</F>
        <F>263</F>
        <F>2732</F>
      </Row>
      <Row index="257">
        <F>272</F>
        <F>264</F>
        <F>2735</F>
      </Row>
      <Row index="258">
        <F>273</F>
        <F>265</F>
        <F>2792</F>
      </Row>
      <Row index="259">
        <F>274</F>
        <F>266</F>
        <F>2730</F>
      </Row>
      <Row index="260">
        <F>275</F>
        <F>267</F>
        <F>2722</F>
      </Row>
      <Row index="261">
        <F>276</F>
        <F>268</F>
        <F>2632</F>
      </Row>
      <Row index="262">
        <F>277</F>
        <F>269</F>
        <F>2704</F>
      </Row>
      <Row index="263">
        <F>278</F>
        <F>270</F>
        <F>2608</F>
      </Row>
      <Row index="264">
        <F>279</F>
        <F>271</F>
        <F>2555</F>
      </Row>
      <Row index="265">
        <F>280</F>
        <F>272</F>
        <F>2550</F>
      </Row>
      <Row index="266">
        <F>281</F>
        <F>273</F>
        <F>2569</F>
      </Row>
      <Row index="267">
        <F>282</F>
        <F>274</F>
        <F>2520</F>
      </Row>
      <Row index="268">
        <F>283</F>
        <F>275</F>
        <F>2547</F>
      </Row>
      <Row index="269">
        <F>284</F>
        <F>276</F>
        <F>2549</F>
      </Row>
      <Row index="270">
        <F>285</F>
        <F>277</F>
        <F>2453</F>
      </Row>
      <Row index="271">
        <F>286</F>
        <F>278</F>
        <F>2474</F>
      </Row>
      <Row index="272">
        <F>287</F>
        <F>279</F>
        <F>2497</F>
      </Row>
      <Row index="273">
        <F>288</F>
        <F>280</F>
        <F>2527</F>
      </Row>
      <Row index="274">
        <F>289</F>
        <F>281</F>
        <F>2411</F>
      </Row>
      <Row index="275">
        <F>290</F>
        <F>282</F>
        <F>2392</F>
      </Row>
      <Row index="276">
        <F>291</F>
        <F>283</F>
        <F>2310</F>
      </Row>
      <Row index="277">
        <F>292</F>
        <F>284</F>
        <F>2372</F>
      </Row>
      <Row index="278">
        <F>293</F>
        <F>285</F>
        <F>2326</F>
      </Row>
      <Row index="279">
        <F>294</F>
        <F>286</F>
        <F>2345</F>
      </Row>
      <Row index="280">
        <F>295</F>
        <F>287</F>
        <F>2294</F>
      </Row>
      <Row index="281">
        <F>296</F>
        <F>288</F>
        <F>2293</F>
      </Row>
      <Row index="282">
        <F>297</F>
        <F>289</F>
        <F>2282</F>
      </Row>
      <Row index="283">
        <F>298</F>
        <F>290</F>
        <F>2260</F>
      </Row>
      <Row index="284">
        <F>299</F>
        <F>291</F>
        <F>2238</F>
      </Row>
      <Row index="285">
        <F>300</F>
        <F>292</F>
        <F>2197</F>
      </Row>
      <Row index="286">
        <F>301</F>
        <F>293</F>
        <F>2118</F>
      </Row>
      <Row index="287">
        <F>302</F>
        <F>294</F>
        <F>2168</F>
      </Row>
      <Row index="288">
        <F>303</F>
        <F>295</F>
        <F>2291</F>
      </Row>
      <Row index="289">
        <F>304</F>
        <F>296</F>
        <F>2179</F>
      </Row>
      <Row index="290">
        <F>305</F>
        <F>297</F>
        <F>2097</F>
      </Row>
      <Row index="291">
        <F>306</F>
        <F>298</F>
        <F>2101</F>
      </Row>
      <Row index="292">
        <F>307</F>
        <F>299</F>
        <F>2050</F>
      </Row>
      <Row index="293">
        <F>308</F>
        <F>300</F>
        <F>2002</F>
      </Row>
      <Row index="294">
        <F>309</F>
        <F>301</F>
        <F>2028</F>
      </Row>
      <Row index="295">
        <F>310</F>
        <F>302</F>
        <F>1972</F>
      </Row>
      <Row index="296">
        <F>311</F>
        <F>303</F>
        <F>2052</F>
      </Row>
      <Row index="297">
        <F>312</F>
        <F>304</F>
        <F>2025</F>
      </Row>
      <Row index="298">
        <F>313</F>
        <F>305</F>
        <F>1899</F>
      </Row>
      <Row index="299">
        <F>314</F>
        <F>306</F>
        <F>2035</F>
      </Row>
      <Row index="300">
        <F>315</F>
        <F>307</F>
        <F>1931</F>
      </Row>
      <Row index="301">
        <F>316</F>
        <F>308</F>
        <F>1927</F>
      </Row>
      <Row index="302">
        <F>317</F>
        <F>309</F>
        <F>1895</F>
      </Row>
      <Row index="303">
        <F>318</F>
        <F>310</F>
        <F>1918</F>
      </Row>
      <Row index="304">
        <F>319</F>
        <F>311</F>
        <F>1915</F>
      </Row>
      <Row index="305">
        <F>320</F>
        <F>312</F>
        <F>1901</F>
      </Row>
      <Row index="306">
        <F>321</F>
        <F>313</F>
        <F>1860</F>
      </Row>
      <Row index="307">
        <F>322</F>
        <F>314</F>
        <F>1911</F>
      </Row>
      <Row index="308">
        <F>323</F>
        <F>315</F>
        <F>1870</F>
      </Row>
      <Row index="309">
        <F>324</F>
        <F>316</F>
        <F>1794</F>
      </Row>
      <Row index="310">
        <F>325</F>
        <F>317</F>
        <F>1750</F>
      </Row>
      <Row index="311">
        <F>326</F>
        <F>318</F>
        <F>1879</F>
      </Row>
      <Row index="312">
        <F>327</F>
        <F>319</F>
        <F>1830</F>
      </Row>
      <Row index="313">
        <F>328</F>
        <F>320</F>
        <F>1773</F>
      </Row>
      <Row index="314">
        <F>329</F>
        <F>321</F>
        <F>1788</F>
      </Row>
      <Row index="315">
        <F>330</F>
        <F>322</F>
        <F>1701</F>
      </Row>
      <Row index="316">
        <F>331</F>
        <F>323</F>
        <F>1799</F>
      </Row>
      <Row index="317">
        <F>332</F>
        <F>324</F>
        <F>1692</F>
      </Row>
      <Row index="318">
        <F>333</F>
        <F>325</F>
        <F>1731</F>
      </Row>
      <Row index="319">
        <F>334</F>
        <F>326</F>
        <F>1623</F>
      </Row>
      <Row index="320">
        <F>335</F>
        <F>327</F>
        <F>1708</F>
      </Row>
      <Row index="321">
        <F>336</F>
        <F>328</F>
        <F>1657</F>
      </Row>
      <Row index="322">
        <F>337</F>
        <F>329</F>
        <F>1645</F>
      </Row>
      <Row index="323">
        <F>338</F>
        <F>330</F>
        <F>1681</F>
      </Row>
      <Row index="324">
        <F>339</F>
        <F>331</F>
        <F>1631</F>
      </Row>
      <Row index="325">
        <F>340</F>
        <F>332</F>
        <F>1594</F>
      </Row>
      <Row index="326">
        <F>341</F>
        <F>333</F>
        <F>1526</F>
      </Row>
      <Row index="327">
        <F>342</F>
        <F>334</F>
        <F>1649</F>
      </Row>
      <Row index="328">
        <F>343</F>
        <F>335</F>
        <F>1676</F>
      </Row>
      <Row index="329">
        <F>344</F>
        <F>336</F>
        <F>1547</F>
      </Row>
      <Row index="330">
        <F>345</F>
        <F>337</F>
        <F>1567</F>
      </Row>
      <Row index="331">
        <F>346</F>
        <F>338</F>
        <F>1569</F>
      </Row>
      <Row index="332">
        <F>347</F>
        <F>339</F>
        <F>1536</F>
      </Row>
      <Row index="333">
        <F>348</F>
        <F>340</F>
        <F>1508</F>
      </Row>
      <Row index="334">
        <F>349</F>
        <F>341</F>
        <F>1582</F>
      </Row>
      <Row index="335">
        <F>350</F>
        <F>342</F>
        <F>1471</F>
      </Row>
      <Row index="336">
        <F>351</F>
        <F>343</F>
        <F>1587</F>
      </Row>
      <Row index="337">
        <F>352</F>
        <F>344</F>
        <F>1518</F>
      </Row>
      <Row index="338">
        <F>353</F>
        <F>345</F>
        <F>1476</F>
      </Row>
      <Row index="339">
        <F>354</F>
        <F>346</F>
        <F>1543</F>
      </Row>
      <Row index="340">
        <F>355</F>
        <F>347</F>
        <F>1502</F>
      </Row>
      <Row index="341">
        <F>356</F>
        <F>348</F>
        <F>1353</F>
      </Row>
      <Row index="342">
        <F>357</F>
        <F>349</F>
        <F>1309</F>
      </Row>
      <Row index="343">
        <F>358</F>
        <F>350</F>
        <F>1393</F>
      </Row>
      <Row index="344">
        <F>359</F>
        <F>351</F>
        <F>1353</F>
      </Row>
      <Row index="345">
        <F>360</F>
        <F>352</F>
        <F>1326</F>
      </Row>
      <Row index="346">
        <F>361</F>
        <F>353</F>
        <F>1395</F>
      </Row>
      <Row index="347">
        <F>362</F>
        <F>354</F>
        <F>1375</F>
      </Row>
      <Row index="348">
        <F>363</F>
        <F>355</F>
        <F>1307</F>
      </Row>
      <Row index="349">
        <F>364</F>
        <F>356</F>
        <F>1289</F>
      </Row>
      <Row index="350">
        <F>365</F>
        <F>357</F>
        <F>1220</F>
      </Row>
      <Row index="351">
        <F>366</F>
        <F>358</F>
        <F>1288</F>
      </Row>
      <Row index="352">
        <F>367</F>
        <F>359</F>
        <F>1210</F>
      </Row>
      <Row index="353">
        <F>368</F>
        <F>360</F>
        <F>1330</F>
      </Row>
      <Row index="354">
        <F>369</F>
        <F>361</F>
        <F>1253</F>
      </Row>
      <Row index="355">
        <F>370</F>
        <F>362</F>
        <F>1254</F>
      </Row>
      <Row index="356">
        <F>371</F>
        <F>363</F>
        <F>1283</F>
      </Row>
      <Row index="357">
        <F>372</F>
        <F>364</F>
        <F>1170</F>
      </Row>
      <Row index="358">
        <F>373</F>
        <F>365</F>
        <F>1210</F>
      </Row>
      <Row index="359">
        <F>374</F>
        <F>366</F>
        <F>1233</F>
      </Row>
      <Row index="360">
        <F>375</F>
        <F>367</F>
        <F>1226</F>
      </Row>
      <Row index="361">
        <F>376</F>
        <F>368</F>
        <F>1198</F>
      </Row>
      <Row index="362">
        <F>377</F>
        <F>369</F>
        <F>1205</F>
      </Row>
      <Row index="363">
        <F>378</F>
        <F>370</F>
        <F>1109</F>
      </Row>
      <Row index="364">
        <F>379</F>
        <F>371</F>
        <F>1141</F>
      </Row>
      <Row index="365">
        <F>380</F>
        <F>372</F>
        <F>1116</F>
      </Row>
      <Row index="366">
        <F>381</F>
        <F>373</F>
        <F>1133</F>
      </Row>
      <Row index="367">
        <F>382</F>
        <F>374</F>
        <F>1127</F>
      </Row>
      <Row index="368">
        <F>383</F>
        <F>375</F>
        <F>1111</F>
      </Row>
      <Row index="369">
        <F>384</F>
        <F>376</F>
        <F>1029</F>
      </Row>
      <Row index="370">
        <F>385</F>
        <F>377</F>
        <F>1043</F>
      </Row>
      <Row index="371">
        <F>386</F>
        <F>378</F>
        <F>1045</F>
      </Row>
      <Row index="372">
        <F>387</F>
        <F>379</F>
        <F>995</F>
      </Row>
      <Row index="373">
        <F>388</F>
        <F>380</F>
        <F>982</F>
      </Row>
      <Row index="374">
        <F>389</F>
        <F>381</F>
        <F>922</F>
      </Row>
      <Row index="375">
        <F>390</F>
        <F>382</F>
        <F>1015</F>
      </Row>
      <Row index="376">
        <F>391</F>
        <F>383</F>
        <F>955</F>
      </Row>
      <Row index="377">
        <F>392</F>
        <F>384</F>
        <F>905</F>
      </Row>
      <Row index="378">
        <F>393</F>
        <F>385</F>
        <F>963</F>
      </Row>
      <Row index="379">
        <F>394</F>
        <F>386</F>
        <F>912</F>
      </Row>
      <Row index="380">
        <F>395</F>
        <F>387</F>
        <F>988</F>
      </Row>
      <Row index="381">
        <F>396</F>
        <F>388</F>
        <F>852</F>
      </Row>
      <Row index="382">
        <F>397</F>
        <F>389</F>
        <F>875</F>
      </Row>
      <Row index="383">
        <F>398</F>
        <F>390</F>
        <F>908</F>
      </Row>
      <Row index="384">
        <F>399</F>
        <F>391</F>
        <F>912</F>
      </Row>
      <Row index="385">
        <F>400</F>
        <F>392</F>
        <F>857</F>
      </Row>
      <Row index="386">
        <F>401</F>
        <F>393</F>
        <F>827</F>
      </Row>
      <Row index="387">
        <F>402</F>
        <F>394</F>
        <F>808</F>
      </Row>
      <Row index="388">
        <F>403</F>
        <F>395</F>
        <F>809</F>
      </Row>
      <Row index="389">
        <F>404</F>
        <F>396</F>
        <F>804</F>
      </Row>
      <Row index="390">
        <F>405</F>
        <F>397</F>
        <F>796</F>
      </Row>
      <Row index="391">
        <F>406</F>
        <F>398</F>
        <F>812</F>
      </Row>
      <Row index="392">
        <F>407</F>
        <F>399</F>
        <F>799</F>
      </Row>
      <Row index="393">
        <F>408</F>
        <F>400</F>
        <F>731</F>
      </Row>
      <Row index="394">
        <F>409</F>
        <F>401</F>
        <F>754</F>
      </Row>
      <Row index="395">
        <F>410</F>
        <F>402</F>
        <F>749</F>
      </Row>
      <Row index="396">
        <F>411</F>
        <F>403</F>
        <F>732</F>
      </Row>
      <Row index="397">
        <F>412</F>
        <F>404</F>
        <F>735</F>
      </Row>
      <Row index="398">
        <F>413</F>
        <F>405</F>
        <F>712</F>
      </Row>
      <Row index="399">
        <F>414</F>
        <F>406</F>
        <F>728</F>
      </Row>
      <Row index="400">
        <F>415</F>
        <F>407</F>
        <F>711</F>
      </Row>
      <Row index="401">
        <F>416</F>
        <F>408</F>
        <F>684</F>
      </Row>
      <Row index="402">
        <F>417</F>
        <F>409</F>
        <F>658</F>
      </Row>
      <Row index="403">
        <F>418</F>
        <F>410</F>
        <F>666</F>
      </Row>
      <Row index="404">
        <F>419</F>
        <F>411</F>
        <F>638</F>
      </Row>
      <Row index="405">
        <F>420</F>
        <F>412</F>
        <F>640</F>
      </Row>
      <Row index="406">
        <F>421</F>
        <F>413</F>
        <F>633</F>
      </Row>
      <Row index="407">
        <F>422</F>
        <F>414</F>
        <F>618</F>
      </Row>
      <Row index="408">
        <F>423</F>
        <F>415</F>
        <F>605</F>
      </Row>
      <Row index="409">
        <F>424</F>
        <F>416</F>
        <F>563</F>
      </Row>
      <Row index="410">
        <F>425</F>
        <F>417</F>
        <F>568</F>
      </Row>
      <Row index="411">
        <F>426</F>
        <F>418</F>
        <F>613</F>
      </Row>
      <Row index="412">
        <F>427</F>
        <F>419</F>
        <F>594</F>
      </Row>
      <Row index="413">
        <F>428</F>
        <F>420</F>
        <F>565</F>
      </Row>
      <Row index="414">
        <F>429</F>
        <F>421</F>
        <F>512</F>
      </Row>
      <Row index="415">
        <F>430</F>
        <F>422</F>
        <F>507</F>
      </Row>
      <Row index="416">
        <F>431</F>
        <F>423</F>
        <F>554</F>
      </Row>
      <Row index="417">
        <F>432</F>
        <F>424</F>
        <F>546</F>
      </Row>
      <Row index="418">
        <F>433</F>
        <F>425</F>
        <F>533</F>
      </Row>
      <Row index="419">
        <F>434</F>
        <F>426</F>
        <F>504</F>
      </Row>
      <Row index="420">
        <F>435</F>
        <F>427</F>
        <F>467</F>
      </Row>
      <Row index="421">
        <F>436</F>
        <F>428</F>
        <F>473</F>
      </Row>
      <Row index="422">
        <F>437</F>
        <F>429</F>
        <F>462</F>
      </Row>
      <Row index="423">
        <F>438</F>
        <F>430</F>
        <F>431</F>
      </Row>
      <Row index="424">
        <F>439</F>
        <F>431</F>
        <F>481</F>
      </Row>
      <Row index="425">
        <F>440</F>
        <F>432</F>
        <F>461</F>
      </Row>
      <Row index="426">
        <F>441</F>
        <F>433</F>
        <F>439</F>
      </Row>
      <Row index="427">
        <F>442</F>
        <F>434</F>
        <F>456</F>
      </Row>
      <Row index="428">
        <F>443</F>
        <F>435</F>
        <F>463</F>
      </Row>
      <Row index="429">
        <F>444</F>
        <F>436</F>
        <F>406</F>
      </Row>
      <Row index="430">
        <F>445</F>
        <F>437</F>
        <F>392</F>
      </Row>
      <Row index="431">
        <F>446</F>
        <F>438</F>
        <F>405</F>
      </Row>
      <Row index="432">
        <F>447</F>
        <F>439</F>
        <F>434</F>
      </Row>
      <Row index="433">
        <F>448</F>
        <F>440</F>
        <F>370</F>
      </Row>
      <Row index="434">
        <F>449</F>
        <F>441</F>
        <F>431</F>
      </Row>
      <Row index="435">
        <F>450</F>
        <F>442</F>
        <F>370</F>
      </Row>
      <Row index="436">
        <F>451</F>
        <F>443</F>
        <F>371</F>
      </Row>
      <Row index="437">
        <F>452</F>
        <F>444</F>
        <F>365</F>
      </Row>
      <Row index="438">
        <F>453</F>
        <F>445</F>
        <F>360</F>
      </Row>
      <Row index="439">
        <F>454</F>
        <F>446</F>
        <F>340</F>
      </Row>
      <Row index="440">
        <F>455</F>
        <F>447</F>
        <F>330</F>
      </Row>
      <Row index="441">
        <F>456</F>
        <F>448</F>
        <F>326</F>
      </Row>
      <Row index="442">
        <F>457</F>
        <F>449</F>
        <F>315</F>
      </Row>
      <Row index="443">
        <F>458</F>
        <F>450</F>
        <F>367</F>
      </Row>
      <Row index="444">
        <F>459</F>
        <F>451</F>
        <F>308</F>
      </Row>
      <Row index="445">
        <F>460</F>
        <F>452</F>
        <F>313</F>
      </Row>
      <Row index="446">
        <F>461</F>
        <F>453</F>
        <F>342</F>
      </Row>
      <Row index="447">
        <F>462</F>
        <F>454</F>
        <F>291</F>
      </Row>
      <Row index="448">
        <F>463</F>
        <F>455</F>
        <F>319</F>
      </Row>
      <Row index="449">
        <F>464</F>
        <F>456</F>
        <F>305</F>
      </Row>
      <Row index="450">
        <F>465</F>
        <F>457</F>
        <F>277</F>
      </Row>
      <Row index="451">
        <F>466</F>
        <F>458</F>
        <F>263</F>
      </Row>
      <Row index="452">
        <F>467</F>
        <F>459</F>
        <F>297</F>
      </Row>
      <Row index="453">
        <F>468</F>
        <F>460</F>
        <F>268</F>
      </Row>
      <Row index="454">
        <F>469</F>
        <F>461</F>
        <F>250</F>
      </Row>
      <Row index="455">
        <F>470</F>
        <F>462</F>
        <F>269</F>
      </Row>
      <Row index="456">
        <F>471</F>
        <F>463</F>
        <F>256</F>
      </Row>
      <Row index="457">
        <F>472</F>
        <F>464</F>
        <F>266</F>
      </Row>
      <Row index="458">
        <F>473</F>
        <F>465</F>
        <F>276</F>
      </Row>
      <Row index="459">
        <F>474</F>
        <F>466</F>
        <F>222</F>
      </Row>
      <Row index="460">
        <F>475</F>
        <F>467</F>
        <F>262</F>
      </Row>
      <Row index="461">
        <F>476</F>
        <F>468</F>
        <F>231</F>
      </Row>
      <Row index="462">
        <F>477</F>
        <F>469</F>
        <F>252</F>
      </Row>
      <Row index="463">
        <F>478</F>
        <F>470</F>
        <F>227</F>
      </Row>
      <Row index="464">
        <F>479</F>
        <F>471</F>
        <F>251</F>
      </Row>
      <Row index="465">
        <F>480</F>
        <F>472</F>
        <F>223</F>
      </Row>
      <Row index="466">
        <F>481</F>
        <F>473</F>
        <F>230</F>
      </Row>
      <Row index="467">
        <F>482</F>
        <F>474</F>
        <F>237</F>
      </Row>
      <Row index="468">
        <F>483</F>
        <F>475</F>
        <F>225</F>
      </Row>
      <Row index="469">
        <F>484</F>
        <F>476</F>
        <F>204</F>
      </Row>
      <Row index="470">
        <F>485</F>
        <F>477</F>
        <F>219</F>
      </Row>
      <Row index="471">
        <F>486</F>
        <F>478</F>
        <F>201</F>
      </Row>
      <Row index="472">
        <F>487</F>
        <F>479</F>
        <F>193</F>
      </Row>
      <Row index="473">
        <F>488</F>
        <F>480</F>
        <F>178</F>
      </Row>
      <Row index="474">
        <F>489</F>
        <F>481</F>
        <F>207</F>
      </Row>
      <Row index="475">
        <F>490</F>
        <F>482</F>
        <F>232</F>
      </Row>
      <Row index="476">
        <F>491</F>
        <F>483</F>
        <F>222</F>
      </Row>
      <Row index="477">
        <F>492</F>
        <F>484</F>
        <F>178</F>
      </Row>
      <Row index="478">
        <F>493</F>
        <F>485</F>
        <F>183</F>
      </Row>
      <Row index="479">
        <F>494</F>
        <F>486</F>
        <F>187</F>
      </Row>
      <Row index="480">
        <F>495</F>
        <F>487</F>
        <F>168</F>
      </Row>
      <Row index="481">
        <F>496</F>
        <F>488</F>
        <F>194</F>
      </Row>
      <Row index="482">
        <F>497</F>
        <F>489</F>
        <F>175</F>
      </Row>
      <Row index="483">
        <F>498</F>
        <F>490</F>
        <F>165</F>
      </Row>
      <Row index="484">
        <F>499</F>
        <F>491</F>
        <F>165</F>
      </Row>
      <Row index="485">
        <F>500</F>
        <F>492</F>
        <F>141</F>
      </Row>
      <Row index="486">
        <F>501</F>
        <F>493</F>
        <F>172</F>
      </Row>
      <Row index="487">
        <F>502</F>
        <F>494</F>
        <F>133</F>
      </Row>
      <Row index="488">
        <F>503</F>
        <F>495</F>
        <F>163</F>
      </Row>
      <Row index="489">
        <F>504</F>
        <F>496</F>
        <F>145</F>
      </Row>
      <Row index="490">
        <F>505</F>
        <F>497</F>
        <F>137</F>
      </Row>
      <Row index="491">
        <F>506</F>
        <F>498</F>
        <F>111</F>
      </Row>
      <Row index="492">
        <F>507</F>
        <F>499</F>
        <F>119</F>
      </Row>
      <Row index="493">
        <F>508</F>
        <F>500</F>
        <F>161</F>
      </Row>
      <Row index="494">
        <F>509</F>
        <F>501</F>
        <F>132</F>
      </Row>
      <Row index="495">
        <F>510</F>
        <F>502</F>
        <F>128</F>
      </Row>
      <Row index="496">
        <F>511</F>
        <F>503</F>
        <F>121</F>
      </Row>
      <Row index="497">
        <F>512</F>
        <F>504</F>
        <F>131</F>
      </Row>
      <Row index="498">
        <F>513</F>
        <F>505</F>
        <F>127</F>
      </Row>
      <Row index="499">
        <F>514</F>
        <F>506</F>
        <F>128</F>
      </Row>
      <Row index="500">
        <F>515</F>
        <F>507</F>
        <F>119</F>
      </Row>
      <Row index="501">
        <F>516</F>
        <F>508</F>
        <F>94</F>
      </Row>
      <Row index="502">
        <F>517</F>
        <F>509</F>
        <F>104</F>
      </Row>
      <Row index="503">
        <F>518</F>
        <F>510</F>
        <F>115</F>
      </Row>
      <Row index="504">
        <F>519</F>
        <F>511</F>
        <F>97</F>
      </Row>
      <Row index="505">
        <F>520</F>
        <F>512</F>
        <F>96</F>
      </Row>
      <Row index="506">
        <F>521</F>
        <F>513</F>
        <F>82</F>
      </Row>
      <Row index="507">
        <F>522</F>
        <F>514</F>
        <F>89</F>
      </Row>
      <Row index="508">
        <F>523</F>
        <F>515</F>
        <F>93</F>
      </Row>
      <Row index="509">
        <F>524</F>
        <F>516</F>
        <F>91</F>
      </Row>
      <Row index="510">
        <F>525</F>
        <F>517</F>
        <F>92</F>
      </Row>
      <Row index="511">
        <F>526</F>
        <F>518</F>
        <F>82</F>
      </Row>
      <Row index="512">
        <F>527</F>
        <F>519</F>
        <F>83</F>
      </Row>
      <Row index="513">
        <F>528</F>
        <F>520</F>
        <F>72</F>
      </Row>
      <Row index="514">
        <F>529</F>
        <F>521</F>
        <F>80</F>
      </Row>
      <Row index="515">
        <F>530</F>
        <F>522</F>
        <F>80</F>
      </Row>
      <Row index="516">
        <F>531</F>
        <F>523</F>
        <F>81</F>
      </Row>
      <Row index="517">
        <F>532</F>
        <F>524</F>
        <F>56</F>
      </Row>
      <Row index="518">
        <F>533</F>
        <F>525</F>
        <F>51</F>
      </Row>
      <Row index="519">
        <F>534</F>
        <F>526</F>
        <F>67</F>
      </Row>
      <Row index="520">
        <F>535</F>
        <F>527</F>
        <F>69</F>
      </Row>
      <Row index="521">
        <F>536</F>
        <F>528</F>
        <F>67</F>
      </Row>
      <Row index="522">
        <F>537</F>
        <F>529</F>
        <F>67</F>
      </Row>
      <Row index="523">
        <F>538</F>
        <F>530</F>
        <F>65</F>
      </Row>
      <Row index="524">
        <F>539</F>
        <F>531</F>
        <F>65</F>
      </Row>
      <Row index="525">
        <F>540</F>
        <F>532</F>
        <F>55</F>
      </Row>
      <Row index="526">
        <F>541</F>
        <F>533</F>
        <F>53</F>
      </Row>
      <Row index="527">
        <F>542</F>
        <F>534</F>
        <F>57</F>
      </Row>
      <Row index="528">
        <F>543</F>
        <F>535</F>
        <F>45</F>
      </Row>
      <Row index="529">
        <F>544</F>
        <F>536</F>
        <F>55</F>
      </Row>
      <Row index="530">
        <F>545</F>
        <F>537</F>
        <F>59</F>
      </Row>
      <Row index="531">
        <F>546</F>
        <F>538</F>
        <F>48</F>
      </Row>
      <Row index="532">
        <F>547</F>
        <F>539</F>
        <F>41</F>
      </Row>
      <Row index="533">
        <F>548</F>
        <F>540</F>
        <F>46</F>
      </Row>
      <Row index="534">
        <F>549</F>
        <F>541</F>
        <F>48</F>
      </Row>
      <Row index="535">
        <F>550</F>
        <F>542</F>
        <F>44</F>
      </Row>
      <Row index="536">
        <F>551</F>
        <F>543</F>
        <F>51</F>
      </Row>
      <Row index="537">
        <F>552</F>
        <F>544</F>
        <F>43</F>
      </Row>
      <Row index="538">
        <F>553</F>
        <F>545</F>
        <F>42</F>
      </Row>
      <Row index="539">
        <F>554</F>
        <F>546</F>
        <F>55</F>
      </Row>
      <Row index="540">
        <F>555</F>
        <F>547</F>
        <F>30</F>
      </Row>
      <Row index="541">
        <F>556</F>
        <F>548</F>
        <F>38</F>
      </Row>
      <Row index="542">
        <F>557</F>
        <F>549</F>
        <F>36</F>
      </Row>
      <Row index="543">
        <F>558</F>
        <F>550</F>
        <F>45</F>
      </Row>
      <Row index="544">
        <F>559</F>
        <F>551</F>
        <F>36</F>
      </Row>
      <Row index="545">
        <F>560</F>
        <F>552</F>
        <F>40</F>
      </Row>
      <Row index="546">
        <F>561</F>
        <F>553</F>
        <F>34</F>
      </Row>
      <Row index="547">
        <F>562</F>
        <F>554</F>
        <F>36</F>
      </Row>
      <Row index="548">
        <F>563</F>
        <F>555</F>
        <F>29</F>
      </Row>
      <Row index="549">
        <F>564</F>
        <F>556</F>
        <F>21</F>
      </Row>
      <Row index="550">
        <F>565</F>
        <F>557</F>
        <F>29</F>
      </Row>
      <Row index="551">
        <F>566</F>
        <F>558</F>
        <F>26</F>
      </Row>
      <Row index="552">
        <F>567</F>
        <F>559</F>
        <F>22</F>
      </Row>
      <Row index="553">
        <F>568</F>
        <F>560</F>
        <F>32</F>
      </Row>
      <Row index="554">
        <F>569</F>
        <F>561</F>
        <F>17</F>
      </Row>
      <Row index="555">
        <F>570</F>
        <F>562</F>
        <F>20</F>
      </Row>
      <Row index="556">
        <F>571</F>
        <F>563</F>
        <F>24</F>
      </Row>
      <Row index="557">
        <F>572</F>
        <F>564</F>
        <F>25</F>
      </Row>
      <Row index="558">
        <F>573</F>
        <F>565</F>
        <F>16</F>
      </Row>
      <Row index="559">
        <F>574</F>
        <F>566</F>
        <F>12</F>
      </Row>
      <Row index="560">
        <F>575</F>
        <F>567</F>
        <F>23</F>
      </Row>
      <Row index="561">
        <F>576</F>
        <F>568</F>
        <F>23</F>
      </Row>
      <Row index="562">
        <F>577</F>
        <F>569</F>
        <F>22</F>
      </Row>
      <Row index="563">
        <F>578</F>
        <F>570</F>
        <F>12</F>
      </Row>
      <Row index="564">
        <F>579</F>
        <F>571</F>
        <F>20</F>
      </Row>
      <Row index="565">
        <F>580</F>
        <F>572</F>
        <F>13</F>
      </Row>
      <Row index="566">
        <F>581</F>
        <F>573</F>
        <F>12</F>
      </Row>
      <Row index="567">
        <F>582</F>
        <F>574</F>
        <F>12</F>
      </Row>
      <Row index="568">
        <F>583</F>
        <F>575</F>
        <F>11</F>
      </Row>
      <Row index="569">
        <F>584</F>
        <F>576</F>
        <F>16</F>
      </Row>
      <Row index="570">
        <F>585</F>
        <F>577</F>
        <F>11</F>
      </Row>
      <Row index="571">
        <F>586</F>
        <F>578</F>
        <F>11</F>
      </Row>
      <Row index="572">
        <F>587</F>
        <F>579</F>
        <F>8</F>
      </Row>
      <Row index="573">
        <F>588</F>
        <F>580</F>
        <F>10</F>
      </Row>
      <Row index="574">
        <F>589</F>
        <F>581</F>
        <F>11</F>
      </Row>
      <Row index="575">
        <F>590</F>
        <F>582</F>
        <F>9</F>
      </Row>
      <Row index="576">
        <F>591</F>
        <F>583</F>
        <F>12</F>
      </Row>
      <Row index="577">
        <F>592</F>
        <F>584</F>
        <F>13</F>
      </Row>
      <Row index="578">
        <F>593</F>
        <F>585</F>
        <F>9</F>
      </Row>
      <Row index="579">
        <F>594</F>
        <F>586</F>
        <F>8</F>
      </Row>
      <Row index="580">
        <F>595</F>
        <F>587</F>
        <F>9</F>
      </Row>
      <Row index="581">
        <F>596</F>
        <F>588</F>
        <F>7</F>
      </Row>
      <Row index="582">
        <F>597</F>
        <F>589</F>
        <F>7</F>
      </Row>
      <Row index="583">
        <F>598</F>
        <F>590</F>
        <F>6</F>
      </Row>
      <Row index="584">
        <F>599</F>
        <F>591</F>
        <F>8</F>
      </Row>
      <Row index="585">
        <F>600</F>
        <F>592</F>
        <F>2</F>
      </Row>
      <Row index="586">
        <F>601</F>
        <F>593</F>
        <F>3</F>
      </Row>
      <Row index="587">
        <F>602</F>
        <F>594</F>
        <F>5</F>
      </Row>
      <Row index="588">
        <F>603</F>
        <F>595</F>
        <F>2</F>
      </Row>
      <Row index="589">
        <F>604</F>
        <F>596</F>
        <F>2</F>
      </Row>
      <Row index="590">
        <F>605</F>
        <F>597</F>
        <F>7</F>
      </Row>
      <Row index="591">
        <F>606</F>
        <F>598</F>
        <F>1</F>
      </Row>
      <Row index="592">
        <F>607</F>
        <F>599</F>
        <F>6</F>
      </Row>
      <Row index="593">
        <F>608</F>
        <F>600</F>
        <F>2</F>
      </Row>
      <Row index="594">
        <F>609</F>
        <F>601</F>
        <F>4</F>
      </Row>
      <Row index="595">
        <F>610</F>
        <F>602</F>
        <F>2</F>
      </Row>
      <Row index="596">
        <F>611</F>
        <F>603</F>
        <F>1</F>
      </Row>
      <Row index="597">
        <F>612</F>
        <F>604</F>
        <F>1</F>
      </Row>
      <Row index="598">
        <F>613</F>
        <F>605</F>
        <F>4</F>
      </Row>
      <Row index="599">
        <F>614</F>
        <F>606</F>
        <F>2</F>
      </Row>
      <Row index="600">
        <F>615</F>
        <F>607</F>
        <F>4</F>
      </Row>
      <Row index="601">
        <F>618</F>
        <F>610</F>
        <F>2</F>
      </Row>
      <Row index="602">
        <F>619</F>
        <F>611</F>
        <F>1</F>
      </Row>
      <Row index="603">
        <F>620</F>
        <F>612</F>
        <F>5</F>
      </Row>
      <Row index="604">
        <F>622</F>
        <F>614</F>
        <F>2</F>
      </Row>
      <Row index="605">
        <F>624</F>
        <F>616</F>
        <F>2</F>
      </Row>
      <Row index="606">
        <F>625</F>
        <F>617</F>
        <F>3</F>
      </Row>
      <Row index="607">
        <F>626</F>
        <F>618</F>
        <F>2</F>
      </Row>
      <Row index="608">
        <F>627</F>
        <F>619</F>
        <F>2</F>
      </Row>
      <Row index="609">
        <F>628</F>
        <F>620</F>
        <F>3</F>
      </Row>
      <Row index="610">
        <F>629</F>
        <F>621</F>
        <F>1</F>
      </Row>
      <Row index="611">
        <F>631</F>
        <F>623</F>
        <F>2</F>
      </Row>
      <Row index="612">
        <F>633</F>
        <F>625</F>
        <F>1</F>
      </Row>
      <Row index="613">
        <F>634</F>
        <F>626</F>
        <F>1</F>
      </Row>
      <Row index="614">
        <F>636</F>
        <F>628</F>
        <F>2</F>
      </Row>
      <Row index="615">
        <F>639</F>
        <F>631</F>
        <F>1</F>
      </Row>
    </GDALRasterAttributeTable>
    <Metadata>
      <MDI key="STATISTICS_MINIMUM">7</MDI>
      <MDI key="STATISTICS_MAXIMUM">631</MDI>
      <MDI key="STATISTICS_MEAN">136.41357067208</MDI>
      <MDI key="STATISTICS_STDDEV">95.525861203668</MDI>
      <MDI key="STATISTICS_SKIPFACTORX">1</MDI>
      <MDI key="STATISTICS_SKIPFACTORY">1</MDI>
      <MDI key="STATISTICS_EXCLUDEDVALUES"></MDI>
      <MDI key="STATISTICS_COVARIANCES">9125.19015870237</MDI>
    </Metadata>
  </PAMRasterBand>
</PAMDataset>
