<?xml version="1.0" encoding="UTF-8"?>
<metadata xml:lang="zh"><Esri><CreaDate>20180116</CreaDate><CreaTime>17123300</CreaTime><ArcGISFormat>1.0</ArcGISFormat><SyncOnce>TRUE</SyncOnce><DataProperties><itemProps><itemLocation><linkage Sync="TRUE">file://\\WIN7-PC\F$\Models\Korea\MIHO\Turorial\FHB</linkage><protocol Sync="TRUE">Local Area Network</protocol></itemLocation></itemProps><copyHistory><copy source="F:\Models\Korea\MIHO\Model_2004_2014\MIHO\Geospatial\FHB" dest="\\WIN7-PC\F$\Models\Korea\MIHO\Turorial\FHB" date="20180116" time="17123300"></copy></copyHistory></DataProperties></Esri></metadata>
