<?xml version="1.0" encoding="UTF-8"?>
<metadata xml:lang="zh"><Esri><CreaDate>20180126</CreaDate><CreaTime>16412400</CreaTime><ArcGISFormat>1.0</ArcGISFormat><SyncOnce>TRUE</SyncOnce><DataProperties><itemProps><itemLocation><linkage Sync="TRUE">file://\\WIN7-PC\F$\Models\Korea\MIHO\Turorial\Spatial data\landcover.tif</linkage><protocol Sync="TRUE">Local Area Network</protocol></itemLocation></itemProps><copyHistory><copy source="E:\ZZY\Geospatial\landcover.tif" dest="\\WIN7-PC\F$\Models\Korea\MIHO\Turorial\Spatial data\landcover.tif" date="20180126" time="16412400"></copy></copyHistory></DataProperties></Esri></metadata>
