<?xml version="1.0" encoding="UTF-8"?>
<metadata xml:lang="zh"><Esri><CreaDate>20180126</CreaDate><CreaTime>10295600</CreaTime><ArcGISFormat>1.0</ArcGISFormat><SyncOnce>TRUE</SyncOnce><DataProperties><itemProps><itemLocation><linkage Sync="TRUE">file://\\WIN7-PC\F$\Models\Korea\MIHO\Turorial\Spatial data\rainfall_sites</linkage><protocol Sync="TRUE">Local Area Network</protocol></itemLocation></itemProps><copyHistory><copy source="F:\Models\Korea\MIHO\Turorial\rainfall_sites" dest="\\WIN7-PC\F$\Models\Korea\MIHO\Turorial\Spatial data\rainfall_sites" date="20180126" time="10295600"></copy></copyHistory></DataProperties></Esri></metadata>
