<?xml version="1.0"?>
<MMSPackage xmlns:xsd="http://www.w3.org/2001/XMLSchema" xmlns:xsi="http://www.w3.org/2001/XMLSchema-instance">
  <Name>Parameter file</Name>
  <Description>This is a package</Description>
  <Version>1.0.0</Version>
  <DefaultParameters>
    <SerializableParameter>
      <Name>nhru</Name>
      <Description>Number of HRUs </Description>
      <ValueType>0</ValueType>
      <VariableType>Dimension</VariableType>
      <Dimension>1</Dimension>
      <DimensionNames>Dimension</DimensionNames>
      <DefaultValue>1</DefaultValue>
      <ModuleName>basin</ModuleName>
      <Maximum>1</Maximum>
      <Minimum>0</Minimum>
      <Units />
    </SerializableParameter>
    <SerializableParameter>
      <Name>nhrucell</Name>
      <Description>Number of unique intersections between gravity reservoirs in PRMS soil zone and MODFLOW finitedifference cells</Description>
      <ValueType>0</ValueType>
      <VariableType>Dimension</VariableType>
      <Dimension>1</Dimension>
      <DimensionNames>Dimension</DimensionNames>
      <DefaultValue>1</DefaultValue>
      <ModuleName>basin</ModuleName>
      <Maximum>1</Maximum>
      <Minimum>0</Minimum>
      <Units />
    </SerializableParameter>
    <SerializableParameter>
      <Name>ngwcell</Name>
      <Description>Number of MODFLOW finite-difference cells in a layer (includes active and inactive cells)</Description>
      <ValueType>0</ValueType>
      <VariableType>Dimension</VariableType>
      <Dimension>1</Dimension>
      <DimensionNames>Dimension</DimensionNames>
      <DefaultValue>1</DefaultValue>
      <ModuleName>gwflow</ModuleName>
      <Maximum>1</Maximum>
      <Minimum>0</Minimum>
      <Units />
    </SerializableParameter>
    <SerializableParameter>
      <Name>nlayer</Name>
      <Description />
      <ValueType>0</ValueType>
      <VariableType>Dimension</VariableType>
      <Dimension>1</Dimension>
      <DimensionNames>Dimension</DimensionNames>
      <DefaultValue>4</DefaultValue>
      <ModuleName>ecology_general</ModuleName>
      <Maximum>10</Maximum>
      <Minimum>1</Minimum>
      <Units />
    </SerializableParameter>
    <SerializableParameter>
      <Name>ncascade</Name>
      <Description>Number of cascade paths associated with HRUs</Description>
      <ValueType>0</ValueType>
      <VariableType>Dimension</VariableType>
      <Dimension>1</Dimension>
      <DimensionNames>Dimension</DimensionNames>
      <DefaultValue>1</DefaultValue>
      <ModuleName>cascade</ModuleName>
      <Maximum>1</Maximum>
      <Minimum>0</Minimum>
      <Units />
    </SerializableParameter>
    <SerializableParameter>
      <Name>nhru_maize</Name>
      <Description />
      <ValueType>0</ValueType>
      <VariableType>Dimension</VariableType>
      <Dimension>1</Dimension>
      <DimensionNames>Dimension</DimensionNames>
      <DefaultValue>0</DefaultValue>
      <ModuleName>ecology_general</ModuleName>
      <Maximum>1000000</Maximum>
      <Minimum>0</Minimum>
      <Units />
    </SerializableParameter>
    <SerializableParameter>
      <Name>nhru_pop</Name>
      <Description />
      <ValueType>0</ValueType>
      <VariableType>Dimension</VariableType>
      <Dimension>1</Dimension>
      <DimensionNames>Dimension</DimensionNames>
      <DefaultValue>0</DefaultValue>
      <ModuleName>ecology_general</ModuleName>
      <Maximum>1000000</Maximum>
      <Minimum>0</Minimum>
      <Units />
    </SerializableParameter>
    <SerializableParameter>
      <Name>vegtotal</Name>
      <Description />
      <ValueType>0</ValueType>
      <VariableType>Dimension</VariableType>
      <Dimension>1</Dimension>
      <DimensionNames>Dimension</DimensionNames>
      <DefaultValue>16</DefaultValue>
      <ModuleName>ecology_general</ModuleName>
      <Maximum>100</Maximum>
      <Minimum>1</Minimum>
      <Units />
    </SerializableParameter>
    <SerializableParameter>
      <Name>nsegment</Name>
      <Description>Number of stream segments </Description>
      <ValueType>0</ValueType>
      <VariableType>Dimension</VariableType>
      <Dimension>1</Dimension>
      <DimensionNames>Dimension</DimensionNames>
      <DefaultValue>1</DefaultValue>
      <ModuleName>routing</ModuleName>
      <Maximum>1</Maximum>
      <Minimum>0</Minimum>
      <Units />
    </SerializableParameter>
    <SerializableParameter>
      <Name>nreach</Name>
      <Description>Number of stream reaches on all stream segments </Description>
      <ValueType>0</ValueType>
      <VariableType>Dimension</VariableType>
      <Dimension>1</Dimension>
      <DimensionNames>Dimension</DimensionNames>
      <DefaultValue>1</DefaultValue>
      <ModuleName>routing</ModuleName>
      <Maximum>1</Maximum>
      <Minimum>0</Minimum>
      <Units />
    </SerializableParameter>
    <SerializableParameter>
      <Name>nlake</Name>
      <Description />
      <ValueType>0</ValueType>
      <VariableType>Dimension</VariableType>
      <Dimension>1</Dimension>
      <DimensionNames>Dimension</DimensionNames>
      <DefaultValue>0</DefaultValue>
      <ModuleName>lake_route</ModuleName>
      <Maximum>1</Maximum>
      <Minimum>0</Minimum>
      <Units />
    </SerializableParameter>
    <SerializableParameter>
      <Name>ndepl</Name>
      <Description>Number of snow-depletion curves used for snowmelt calculations</Description>
      <ValueType>0</ValueType>
      <VariableType>Dimension</VariableType>
      <Dimension>1</Dimension>
      <DimensionNames>Dimension</DimensionNames>
      <DefaultValue>1</DefaultValue>
      <ModuleName>snowcomp</ModuleName>
      <Maximum>1</Maximum>
      <Minimum>0</Minimum>
      <Units />
    </SerializableParameter>
    <SerializableParameter>
      <Name>ndeplval</Name>
      <Description>Number of snow-depletion values for each snow-depletion curve</Description>
      <ValueType>0</ValueType>
      <VariableType>Dimension</VariableType>
      <Dimension>1</Dimension>
      <DimensionNames>Dimension</DimensionNames>
      <DefaultValue>11</DefaultValue>
      <ModuleName>snowcomp</ModuleName>
      <Maximum>1</Maximum>
      <Minimum>0</Minimum>
      <Units />
    </SerializableParameter>
    <SerializableParameter>
      <Name>one</Name>
      <Description>A constant</Description>
      <ValueType>0</ValueType>
      <VariableType>Dimension</VariableType>
      <Dimension>1</Dimension>
      <DimensionNames>Dimension</DimensionNames>
      <DefaultValue>1</DefaultValue>
      <ModuleName>basin</ModuleName>
      <Maximum>1</Maximum>
      <Minimum>0</Minimum>
      <Units />
    </SerializableParameter>
    <SerializableParameter>
      <Name>n_poptype</Name>
      <Description />
      <ValueType>0</ValueType>
      <VariableType>Dimension</VariableType>
      <Dimension>1</Dimension>
      <DimensionNames>Dimension</DimensionNames>
      <DefaultValue>0</DefaultValue>
      <ModuleName>ecology_general</ModuleName>
      <Maximum>100</Maximum>
      <Minimum>0</Minimum>
      <Units />
    </SerializableParameter>
    <SerializableParameter>
      <Name>ndays</Name>
      <Description>Maximum number of days in a year</Description>
      <ValueType>0</ValueType>
      <VariableType>Dimension</VariableType>
      <Dimension>1</Dimension>
      <DimensionNames>Dimension</DimensionNames>
      <DefaultValue>366</DefaultValue>
      <ModuleName>prms_time</ModuleName>
      <Maximum>1</Maximum>
      <Minimum>0</Minimum>
      <Units />
    </SerializableParameter>
    <SerializableParameter>
      <Name>nmonths</Name>
      <Description>Number of months in a year</Description>
      <ValueType>0</ValueType>
      <VariableType>Dimension</VariableType>
      <Dimension>1</Dimension>
      <DimensionNames>Dimension</DimensionNames>
      <DefaultValue>12</DefaultValue>
      <ModuleName>basin</ModuleName>
      <Maximum>1</Maximum>
      <Minimum>0</Minimum>
      <Units />
    </SerializableParameter>
    <SerializableParameter>
      <Name>nhours24</Name>
      <Description />
      <ValueType>0</ValueType>
      <VariableType>Dimension</VariableType>
      <Dimension>1</Dimension>
      <DimensionNames>Dimension</DimensionNames>
      <DefaultValue>24</DefaultValue>
      <ModuleName>ecology_general</ModuleName>
      <Maximum>24</Maximum>
      <Minimum>24</Minimum>
      <Units />
    </SerializableParameter>
    <SerializableParameter>
      <Name>szconverge</Name>
      <Description>Convergence criterion for checking soil-zone states that is specified as the smallest change in gravity drainage</Description>
      <ValueType>2</ValueType>
      <VariableType>Parameter</VariableType>
      <Dimension>1</Dimension>
      <DimensionNames>one</DimensionNames>
      <DefaultValue>0.001</DefaultValue>
      <ModuleName>gsflow_prms2mf</ModuleName>
      <Maximum>1</Maximum>
      <Minimum>1E-10</Minimum>
      <Units>dimensionless</Units>
    </SerializableParameter>
    <SerializableParameter>
      <Name>mnsziter</Name>
      <Description />
      <ValueType>1</ValueType>
      <VariableType>Parameter</VariableType>
      <Dimension>1</Dimension>
      <DimensionNames>one</DimensionNames>
      <DefaultValue>5</DefaultValue>
      <ModuleName>ecology_general</ModuleName>
      <Maximum>100</Maximum>
      <Minimum>1</Minimum>
      <Units />
    </SerializableParameter>
    <SerializableParameter>
      <Name>mxsziter</Name>
      <Description>Maximum iterations for computing soil-zone flow to finite-difference cells during atime step</Description>
      <ValueType>1</ValueType>
      <VariableType>Parameter</VariableType>
      <Dimension>1</Dimension>
      <DimensionNames>one</DimensionNames>
      <DefaultValue>15</DefaultValue>
      <ModuleName>gsflow_prms2mf</ModuleName>
      <Maximum>200</Maximum>
      <Minimum>2</Minimum>
      <Units>dimensionless</Units>
    </SerializableParameter>
    <SerializableParameter>
      <Name>gvr_cell_id</Name>
      <Description>Finite-difference cell associated with a gravityreservoir</Description>
      <ValueType>1</ValueType>
      <VariableType>Parameter</VariableType>
      <Dimension>1</Dimension>
      <DimensionNames>nhrucell</DimensionNames>
      <DefaultValue>0</DefaultValue>
      <ModuleName>gsflow_setconv</ModuleName>
      <Maximum>1000000</Maximum>
      <Minimum>0</Minimum>
      <Units>dimensionless</Units>
    </SerializableParameter>
    <SerializableParameter>
      <Name>gvr_hru_id</Name>
      <Description>HRU associated with a gravity reservoir</Description>
      <ValueType>1</ValueType>
      <VariableType>Parameter</VariableType>
      <Dimension>1</Dimension>
      <DimensionNames>nhrucell</DimensionNames>
      <DefaultValue>1</DefaultValue>
      <ModuleName>gsflow_setconv</ModuleName>
      <Maximum>1000000</Maximum>
      <Minimum>0</Minimum>
      <Units>dimensionless</Units>
    </SerializableParameter>    
    <SerializableParameter>
      <Name>gvr_cell_pct</Name>
      <Description>Decimal fraction of HRU area associated witha finite-difference cell</Description>
      <ValueType>2</ValueType>
      <VariableType>Parameter</VariableType>
      <Dimension>1</Dimension>
      <DimensionNames>nhrucell</DimensionNames>
      <DefaultValue>1</DefaultValue>
      <ModuleName>gsflow_setconv</ModuleName>
      <Maximum>1</Maximum>
      <Minimum>0</Minimum>
      <Units>dimensionless</Units>
    </SerializableParameter>
    <SerializableParameter>
      <Name>basin_area</Name>
      <Description>Total area of watershed</Description>
      <ValueType>2</ValueType>
      <VariableType>Parameter</VariableType>
      <Dimension>1</Dimension>
      <DimensionNames>one</DimensionNames>
      <DefaultValue>1</DefaultValue>
      <ModuleName>basin</ModuleName>
      <Maximum>1E+09</Maximum>
      <Minimum>0.1</Minimum>
      <Units>acres</Units>
    </SerializableParameter>
    <SerializableParameter>
      <Name>elev_units</Name>
      <Description>Units of altitude (0=feet; 1=meters)</Description>
      <ValueType>1</ValueType>
      <VariableType>Parameter</VariableType>
      <Dimension>1</Dimension>
      <DimensionNames>one</DimensionNames>
      <DefaultValue>1</DefaultValue>
      <ModuleName>basin</ModuleName>
      <Maximum>1</Maximum>
      <Minimum>0</Minimum>
      <Units>dimensionless</Units>
    </SerializableParameter>
    <SerializableParameter>
      <Name>hru_area</Name>
      <Description>Area of HRU</Description>
      <ValueType>2</ValueType>
      <VariableType>Parameter</VariableType>
      <Dimension>1</Dimension>
      <DimensionNames>nhru</DimensionNames>
      <DefaultValue>1</DefaultValue>
      <ModuleName>basin</ModuleName>
      <Maximum>1E+09</Maximum>
      <Minimum>0</Minimum>
      <Units>acres</Units>
    </SerializableParameter>
    <SerializableParameter>
      <Name>hru_elev</Name>
      <Description>Mean land-surface altitude of HRU</Description>
      <ValueType>2</ValueType>
      <VariableType>Parameter</VariableType>
      <Dimension>1</Dimension>
      <DimensionNames>nhru</DimensionNames>
      <DefaultValue>0</DefaultValue>
      <ModuleName>basin</ModuleName>
      <Maximum>30000</Maximum>
      <Minimum>-300</Minimum>
      <Units>elev_units</Units>
    </SerializableParameter>
    <SerializableParameter>
      <Name>hru_lat</Name>
      <Description>Latitude of HRU centroid</Description>
      <ValueType>2</ValueType>
      <VariableType>Parameter</VariableType>
      <Dimension>1</Dimension>
      <DimensionNames>nhru</DimensionNames>
      <DefaultValue>40</DefaultValue>
      <ModuleName>soltab</ModuleName>
      <Maximum>90</Maximum>
      <Minimum>-90</Minimum>
      <Units>degrees latitude</Units>
    </SerializableParameter>
    <SerializableParameter>
      <Name>hru_type</Name>
      <Description>Type of HRU (0=inactive; 1=land;2=lake)</Description>
      <ValueType>1</ValueType>
      <VariableType>Parameter</VariableType>
      <Dimension>1</Dimension>
      <DimensionNames>nhru</DimensionNames>
      <DefaultValue>1</DefaultValue>
      <ModuleName>intcp</ModuleName>
      <Maximum>2</Maximum>
      <Minimum>0</Minimum>
      <Units>dimensionless</Units>
    </SerializableParameter>
    <SerializableParameter>
      <Name>cov_type</Name>
      <Description>Plant cover type for HRU (0=bare soil;1=grasses; 2=shrubs; 3=trees)</Description>
      <ValueType>1</ValueType>
      <VariableType>Parameter</VariableType>
      <Dimension>1</Dimension>
      <DimensionNames>nhru</DimensionNames>
      <DefaultValue>3</DefaultValue>
      <ModuleName>ecopopulus</ModuleName>
      <Maximum>3</Maximum>
      <Minimum>0</Minimum>
      <Units>dimensionless</Units>
    </SerializableParameter>
    <SerializableParameter>
      <Name>hru_percent_imperv</Name>
      <Description>Decimal fraction of HRU area that isimpervious</Description>
      <ValueType>2</ValueType>
      <VariableType>Parameter</VariableType>
      <Dimension>1</Dimension>
      <DimensionNames>nhru</DimensionNames>
      <DefaultValue>0</DefaultValue>
      <ModuleName>basin</ModuleName>
      <Maximum>1</Maximum>
      <Minimum>0</Minimum>
      <Units>dimensionless</Units>
    </SerializableParameter>
    <SerializableParameter>
      <Name>lake_hru_id</Name>
      <Description>MODFLOW lake number associated with an HRU</Description>
      <ValueType>1</ValueType>
      <VariableType>Parameter</VariableType>
      <Dimension>1</Dimension>
      <DimensionNames>nhru</DimensionNames>
      <DefaultValue>0</DefaultValue>
      <ModuleName>gsflow_prms2mf</ModuleName>
      <Maximum>1000000</Maximum>
      <Minimum>0</Minimum>
      <Units>dimensionless</Units>
    </SerializableParameter>
    <SerializableParameter>
      <Name>precip_units</Name>
      <Description>Specify units of precipitation (0=inches;1=millimeters)</Description>
      <ValueType>1</ValueType>
      <VariableType>Parameter</VariableType>
      <Dimension>1</Dimension>
      <DimensionNames>one</DimensionNames>
      <DefaultValue>0</DefaultValue>
      <ModuleName>climate_hru</ModuleName>
      <Maximum>1</Maximum>
      <Minimum>0</Minimum>
      <Units>dimensionless</Units>
    </SerializableParameter>
    <SerializableParameter>
      <Name>tmax_allrain</Name>
      <Description>Monthly minimum air temperature at an</Description>
      <ValueType>2</ValueType>
      <VariableType>Parameter</VariableType>
      <Dimension>1</Dimension>
      <DimensionNames>one</DimensionNames>
      <DefaultValue>40</DefaultValue>
      <ModuleName>xyz_dist</ModuleName>
      <Maximum>90</Maximum>
      <Minimum>0</Minimum>
      <Units>temp_units</Units>
    </SerializableParameter>
    <SerializableParameter>
      <Name>tmax_allsnow</Name>
      <Description>Monthly maximum air temperature atwhich precipitation is all snow forthe HRU</Description>
      <ValueType>2</ValueType>
      <VariableType>Parameter</VariableType>
      <Dimension>1</Dimension>
      <DimensionNames>one</DimensionNames>
      <DefaultValue>32</DefaultValue>
      <ModuleName>snowcomp</ModuleName>
      <Maximum>40</Maximum>
      <Minimum>-10</Minimum>
      <Units>temp_units</Units>
    </SerializableParameter>
    <SerializableParameter>
      <Name>adjmix_rain</Name>
      <Description>Monthly rain adjustment factor for amixed precipitation event (usually1.0)</Description>
      <ValueType>2</ValueType>
      <VariableType>Parameter</VariableType>
      <Dimension>1</Dimension>
      <DimensionNames>one</DimensionNames>
      <DefaultValue>1</DefaultValue>
      <ModuleName>xyz_dist</ModuleName>
      <Maximum>3</Maximum>
      <Minimum>0</Minimum>
      <Units>dimensionless</Units>
    </SerializableParameter>
    <SerializableParameter>
      <Name>temp_units</Name>
      <Description>Units of measured air temperature (0=degrees Fahrenheit; 1=degreesCelsius)</Description>
      <ValueType>1</ValueType>
      <VariableType>Parameter</VariableType>
      <Dimension>1</Dimension>
      <DimensionNames>one</DimensionNames>
      <DefaultValue>0</DefaultValue>
      <ModuleName>climate_hru</ModuleName>
      <Maximum>1</Maximum>
      <Minimum>0</Minimum>
      <Units>dimensionless</Units>
    </SerializableParameter>
    <SerializableParameter>
      <Name>dday_slope</Name>
      <Description>Slope of monthly degree-day totemperature relation</Description>
      <ValueType>2</ValueType>
      <VariableType>Parameter</VariableType>
      <Dimension>1</Dimension>
      <DimensionNames>nmonths</DimensionNames>
      <DefaultValue>0.4</DefaultValue>
      <ModuleName>ddsolrad</ModuleName>
      <Maximum>0.7</Maximum>
      <Minimum>0.2</Minimum>
      <Units>degree-day per temp_units</Units>
    </SerializableParameter>
    <SerializableParameter>
      <Name>dday_intcp</Name>
      <Description>Intercept of monthly degree-day totemperature relation</Description>
      <ValueType>2</ValueType>
      <VariableType>Parameter</VariableType>
      <Dimension>1</Dimension>
      <DimensionNames>nmonths</DimensionNames>
      <DefaultValue>-10</DefaultValue>
      <ModuleName>ddsolrad</ModuleName>
      <Maximum>4</Maximum>
      <Minimum>-60</Minimum>
      <Units>degree-day</Units>
    </SerializableParameter>
    <SerializableParameter>
      <Name>radj_sppt</Name>
      <Description>Precipitation-day adjustment factor tosolar radiation for a summer day withprecipitation greater than ppt_rad_adjas a decimal fraction</Description>
      <ValueType>2</ValueType>
      <VariableType>Parameter</VariableType>
      <Dimension>1</Dimension>
      <DimensionNames>one</DimensionNames>
      <DefaultValue>0.44</DefaultValue>
      <ModuleName>climate_hru</ModuleName>
      <Maximum>1</Maximum>
      <Minimum>0</Minimum>
      <Units>dimensionless</Units>
    </SerializableParameter>
    <SerializableParameter>
      <Name>radj_wppt</Name>
      <Description>Precipitation-day adjustment factor tosolar radiation for a winter day withprecipitation greater than ppt_rad_adjas a decimal fraction</Description>
      <ValueType>2</ValueType>
      <VariableType>Parameter</VariableType>
      <Dimension>1</Dimension>
      <DimensionNames>one</DimensionNames>
      <DefaultValue>0.5</DefaultValue>
      <ModuleName>ccsolrad</ModuleName>
      <Maximum>1</Maximum>
      <Minimum>0</Minimum>
      <Units>dimensionless</Units>
    </SerializableParameter>
    <SerializableParameter>
      <Name>hru_slope</Name>
      <Description>Slope of HRU, specified as change invertical length divided by change inhorizontal length</Description>
      <ValueType>2</ValueType>
      <VariableType>Parameter</VariableType>
      <Dimension>1</Dimension>
      <DimensionNames>nhru</DimensionNames>
      <DefaultValue>0</DefaultValue>
      <ModuleName>basin</ModuleName>
      <Maximum>10</Maximum>
      <Minimum>0</Minimum>
      <Units>dimensionless</Units>
    </SerializableParameter>
    <SerializableParameter>
      <Name>hru_aspect</Name>
      <Description>Aspect of HRU</Description>
      <ValueType>2</ValueType>
      <VariableType>Parameter</VariableType>
      <Dimension>1</Dimension>
      <DimensionNames>nhru</DimensionNames>
      <DefaultValue>0</DefaultValue>
      <ModuleName>soltab</ModuleName>
      <Maximum>360</Maximum>
      <Minimum>0</Minimum>
      <Units />
    </SerializableParameter>
    <SerializableParameter>
      <Name>potet_sublim</Name>
      <Description>Fraction of potential evapotranspirationsublimated from snow surface as adecimal fraction</Description>
      <ValueType>2</ValueType>
      <VariableType>Parameter</VariableType>
      <Dimension>1</Dimension>
      <DimensionNames>one</DimensionNames>
      <DefaultValue>0.5</DefaultValue>
      <ModuleName>intcp</ModuleName>
      <Maximum>0.75</Maximum>
      <Minimum>0.1</Minimum>
      <Units>dimensionless</Units>
    </SerializableParameter>
    <SerializableParameter>
      <Name>epan_coef</Name>
      <Description>Monthly pan evaporation coefficientused to convert value to potentialevapotranspiration</Description>
      <ValueType>2</ValueType>
      <VariableType>Parameter</VariableType>
      <Dimension>1</Dimension>
      <DimensionNames>nmonths</DimensionNames>
      <DefaultValue>1</DefaultValue>
      <ModuleName>potet_pan</ModuleName>
      <Maximum>3</Maximum>
      <Minimum>0.2</Minimum>
      <Units>dimensionless</Units>
    </SerializableParameter>
    <SerializableParameter>
      <Name>melt_look</Name>
      <Description>Julian date to start looking for whensnowmelt begins</Description>
      <ValueType>1</ValueType>
      <VariableType>Parameter</VariableType>
      <Dimension>1</Dimension>
      <DimensionNames>one</DimensionNames>
      <DefaultValue>90</DefaultValue>
      <ModuleName>snowcomp</ModuleName>
      <Maximum>366</Maximum>
      <Minimum>1</Minimum>
      <Units>Julian day</Units>
    </SerializableParameter>
    <SerializableParameter>
      <Name>melt_force</Name>
      <Description>Julian date to force snowmelt. Julian day to force the use of the isothermal form of the snowpack energy equation. This date should always be later than melt_look, varies by region, and is dependent on the persistence of the snowpack.</Description>
      <ValueType>1</ValueType>
      <VariableType>Parameter</VariableType>
      <Dimension>1</Dimension>
      <DimensionNames>one</DimensionNames>
      <DefaultValue>90</DefaultValue>
      <ModuleName>snowcomp</ModuleName>
      <Maximum>366</Maximum>
      <Minimum>1</Minimum>
      <Units>Julian day</Units>
    </SerializableParameter>
    <SerializableParameter>
      <Name>snarea_curve</Name>
      <Description>Snow area-depletion curve values, 11for each curve as a decimal fraction</Description>
      <ValueType>2</ValueType>
      <VariableType>Parameter</VariableType>
      <Dimension>1</Dimension>
      <DimensionNames>ndeplval</DimensionNames>
      <DefaultValue>1</DefaultValue>
      <ModuleName>snowcomp</ModuleName>
      <Maximum>1</Maximum>
      <Minimum>0</Minimum>
      <Units>dimensionless</Units>
    </SerializableParameter>
    <SerializableParameter>
      <Name>hru_deplcrv</Name>
      <Description>Identifier of snowpack areal-depletioncurve for HRU</Description>
      <ValueType>1</ValueType>
      <VariableType>Parameter</VariableType>
      <Dimension>1</Dimension>
      <DimensionNames>nhru</DimensionNames>
      <DefaultValue>1</DefaultValue>
      <ModuleName>snowcomp</ModuleName>
      <Maximum>100</Maximum>
      <Minimum>1</Minimum>
      <Units>dimensionless</Units>
    </SerializableParameter>
    <SerializableParameter>
      <Name>snarea_thresh</Name>
      <Description>Maximum water equivalent threshold,water equivalent in an HRU less thanthreshold results in use of snowcovered-area curve</Description>
      <ValueType>2</ValueType>
      <VariableType>Parameter</VariableType>
      <Dimension>1</Dimension>
      <DimensionNames>nhru</DimensionNames>
      <DefaultValue>50</DefaultValue>
      <ModuleName>snowcomp</ModuleName>
      <Maximum>200</Maximum>
      <Minimum>0</Minimum>
      <Units>inches</Units>
    </SerializableParameter>
    <SerializableParameter>
      <Name>carea_max</Name>
      <Description>Maximum possible area contributingto surface runoff, expressed as adecimal fraction of HRU area</Description>
      <ValueType>2</ValueType>
      <VariableType>Parameter</VariableType>
      <Dimension>1</Dimension>
      <DimensionNames>nhru</DimensionNames>
      <DefaultValue>0.6</DefaultValue>
      <ModuleName>soilzone</ModuleName>
      <Maximum>1</Maximum>
      <Minimum>0</Minimum>
      <Units>dimensionless</Units>
    </SerializableParameter>
    <SerializableParameter>
      <Name>smidx_coef</Name>
      <Description>Coefficient in non-linear contributing area algorithm for each HRU</Description>
      <ValueType>2</ValueType>
      <VariableType>Parameter</VariableType>
      <Dimension>1</Dimension>
      <DimensionNames>nhru</DimensionNames>
      <DefaultValue>0.0002</DefaultValue>
      <ModuleName>soilzone</ModuleName>
      <Maximum>1.0</Maximum>
      <Minimum>0.0001</Minimum>
      <Units>dimensionless</Units>
    </SerializableParameter>    
    <SerializableParameter>
      <Name>smidx_exp</Name>
      <Description>Exponent in non-linear contributing area algorithm for each HRU</Description>
      <ValueType>2</ValueType>
      <VariableType>Parameter</VariableType>
      <Dimension>1</Dimension>
      <DimensionNames>nhru</DimensionNames>
      <DefaultValue>0.6</DefaultValue>
      <ModuleName>soilzone</ModuleName>
      <Maximum>0.8</Maximum>
      <Minimum>0.2</Minimum>
      <Units>dimensionless</Units>
    </SerializableParameter>     
    <SerializableParameter>
      <Name>snowinfil_max</Name>
      <Description>Daily maximum snowmelt infiltration for the HRU</Description>
      <ValueType>2</ValueType>
      <VariableType>Parameter</VariableType>
      <Dimension>1</Dimension>
      <DimensionNames>nhru</DimensionNames>
      <DefaultValue>2</DefaultValue>
      <ModuleName>snowcomp</ModuleName>
      <Maximum>20</Maximum>
      <Minimum>0</Minimum>
      <Units>inches</Units>
    </SerializableParameter>
    <SerializableParameter>
      <Name>imperv_stor_max</Name>
      <Description>Maximum retention storage for HRUimpervious area</Description>
      <ValueType>2</ValueType>
      <VariableType>Parameter</VariableType>
      <Dimension>1</Dimension>
      <DimensionNames>nhru</DimensionNames>
      <DefaultValue>0</DefaultValue>
      <ModuleName>basin</ModuleName>
      <Maximum>10</Maximum>
      <Minimum>0</Minimum>
      <Units>inches</Units>
    </SerializableParameter>
    <SerializableParameter>
      <Name>carea_min</Name>
      <Description>Minimum possible area contributing to surface runoff,expressed as a portion of the area for each HRU</Description>
      <ValueType>2</ValueType>
      <VariableType>Parameter</VariableType>
      <Dimension>1</Dimension>
      <DimensionNames>nhru</DimensionNames>
      <DefaultValue>0.2</DefaultValue>
      <ModuleName>soilzone</ModuleName>
      <Maximum>1</Maximum>
      <Minimum>0</Minimum>
      <Units />
    </SerializableParameter>
    <SerializableParameter>
      <Name>cascade_flg</Name>
      <Description>Flag used to force outflow from an upslope HRU to be added as inflow to one downslope HRU. A zero allows for multiple routing of inflows and outflows among HRUs and a value of one forces routing from an upslope HRU to one downslope HRU thathas the greatest fraction of contributing area in the upslope HRU.</Description>
      <ValueType>1</ValueType>
      <VariableType>Parameter</VariableType>
      <Dimension>1</Dimension>
      <DimensionNames>one</DimensionNames>
      <DefaultValue>0</DefaultValue>
      <ModuleName>basin</ModuleName>
      <Maximum>1</Maximum>
      <Minimum>0</Minimum>
      <Units>dimensionless</Units>
    </SerializableParameter>
    <SerializableParameter>
      <Name>circle_switch</Name>
      <Description />
      <ValueType>1</ValueType>
      <VariableType>Parameter</VariableType>
      <Dimension>1</Dimension>
      <DimensionNames>one</DimensionNames>
      <DefaultValue>0</DefaultValue>
      <ModuleName>cascade</ModuleName>
      <Maximum>1</Maximum>
      <Minimum>0</Minimum>
      <Units>dimensionless</Units>
    </SerializableParameter>
    <SerializableParameter>
      <Name>cascade_tol</Name>
      <Description>Minimum contributing area of an upslope HRU considered for flow to a downslope HRU</Description>
      <ValueType>2</ValueType>
      <VariableType>Parameter</VariableType>
      <Dimension>1</Dimension>
      <DimensionNames>one</DimensionNames>
      <DefaultValue>1</DefaultValue>
      <ModuleName>cascade</ModuleName>
      <Maximum>100</Maximum>
      <Minimum>0</Minimum>
      <Units>dimensionless</Units>
    </SerializableParameter>
    <SerializableParameter>
      <Name>hru_up_id</Name>
      <Description>Identification number of upslope HRU.</Description>
      <ValueType>1</ValueType>
      <VariableType>Parameter</VariableType>
      <Dimension>1</Dimension>
      <DimensionNames>ncascade</DimensionNames>
      <DefaultValue>0</DefaultValue>
      <ModuleName>cascade</ModuleName>
      <Maximum>1000000</Maximum>
      <Minimum>0</Minimum>
      <Units>dimensionless</Units>
    </SerializableParameter>
    <SerializableParameter>
      <Name>hru_strmseg_down_id</Name>
      <Description>Identification number of stream segment that receives inflow from an upslope HRU.</Description>
      <ValueType>1</ValueType>
      <VariableType>Parameter</VariableType>
      <Dimension>1</Dimension>
      <DimensionNames>ncascade</DimensionNames>
      <DefaultValue>1</DefaultValue>
      <ModuleName>cascade</ModuleName>
      <Maximum>1000000</Maximum>
      <Minimum>0</Minimum>
      <Units>dimensionless</Units>
    </SerializableParameter>
    <SerializableParameter>
      <Name>hru_down_id</Name>
      <Description>Identification number of downslope HRU.</Description>
      <ValueType>1</ValueType>
      <VariableType>Parameter</VariableType>
      <Dimension>1</Dimension>
      <DimensionNames>ncascade</DimensionNames>
      <DefaultValue>1</DefaultValue>
      <ModuleName>cascade</ModuleName>
      <Maximum>1000000</Maximum>
      <Minimum>0</Minimum>
      <Units>dimensionless</Units>
    </SerializableParameter>
    <SerializableParameter>
      <Name>hru_pct_up</Name>
      <Description>Fraction of outflow from upslope HRU to be added as inflow to a downslope HRU or streamsegment</Description>
      <ValueType>2</ValueType>
      <VariableType>Parameter</VariableType>
      <Dimension>1</Dimension>
      <DimensionNames>ncascade</DimensionNames>
      <DefaultValue>0.1</DefaultValue>
      <ModuleName>cascade</ModuleName>
      <Maximum>1</Maximum>
      <Minimum>0</Minimum>
      <Units>dimensionless</Units>
    </SerializableParameter>
    <SerializableParameter>
      <Name>soil_depth</Name>
      <Description>Cumulative depth of each layer</Description>
      <ValueType>2</ValueType>
      <VariableType>Parameter</VariableType>
      <Dimension>2</Dimension>
      <DimensionNames>nhru</DimensionNames>
      <DimensionNames>nlayer</DimensionNames>
      <DefaultValue>10</DefaultValue>
      <ModuleName>ecology_general</ModuleName>
      <Maximum>400</Maximum>
      <Minimum>1</Minimum>
      <Units />
    </SerializableParameter>
    <SerializableParameter>
      <Name>soil_wp</Name>
      <Description>Wilting point</Description>
      <ValueType>2</ValueType>
      <VariableType>Parameter</VariableType>
      <Dimension>1</Dimension>
      <DimensionNames>nhru</DimensionNames>
      <DefaultValue>0.1</DefaultValue>
      <ModuleName>soilzone</ModuleName>
      <Maximum>1</Maximum>
      <Minimum>0</Minimum>
      <Units />
    </SerializableParameter>
    <SerializableParameter>
      <Name>soil_fc</Name>
      <Description>Field capacity</Description>
      <ValueType>2</ValueType>
      <VariableType>Parameter</VariableType>
      <Dimension>1</Dimension>
      <DimensionNames>nhru</DimensionNames>
      <DefaultValue>0.3</DefaultValue>
      <ModuleName>soilzone</ModuleName>
      <Maximum>1</Maximum>
      <Minimum>0</Minimum>
      <Units />
    </SerializableParameter>
    <SerializableParameter>
      <Name>soil_sat</Name>
      <Description>Saturated point</Description>
      <ValueType>2</ValueType>
      <VariableType>Parameter</VariableType>
      <Dimension>1</Dimension>
      <DimensionNames>nhru</DimensionNames>
      <DefaultValue>0.5</DefaultValue>
      <ModuleName>soilzone</ModuleName>
      <Maximum>1</Maximum>
      <Minimum>0</Minimum>
      <Units />
    </SerializableParameter>
    <SerializableParameter>
      <Name>pref_flow_den</Name>
      <Description>Decimal fraction of the soil zoneavailable for preferential flow</Description>
      <ValueType>2</ValueType>
      <VariableType>Parameter</VariableType>
      <Dimension>1</Dimension>
      <DimensionNames>nhru</DimensionNames>
      <DefaultValue>0.2</DefaultValue>
      <ModuleName>soilzone</ModuleName>
      <Maximum>1</Maximum>
      <Minimum>0</Minimum>
      <Units>dimensionless</Units>
    </SerializableParameter>
    <SerializableParameter>
      <Name>cpr_init</Name>
      <Description>'Initial CPR storage</Description>
      <ValueType>2</ValueType>
      <VariableType>Parameter</VariableType>
      <Dimension>2</Dimension>
      <DimensionNames>nhru</DimensionNames>
      <DimensionNames>nlayer</DimensionNames>
      <DefaultValue>0.2</DefaultValue>
      <ModuleName>ecology_general</ModuleName>
      <Maximum>1</Maximum>
      <Minimum>0</Minimum>
      <Units />
    </SerializableParameter>
    <SerializableParameter>
      <Name>gvr_init</Name>
      <Description>Initial GVR storage</Description>
      <ValueType>2</ValueType>
      <VariableType>Parameter</VariableType>
      <Dimension>2</Dimension>
      <DimensionNames>nhru</DimensionNames>
      <DimensionNames>nlayer</DimensionNames>
      <DefaultValue>0</DefaultValue>
      <ModuleName>ecology_general</ModuleName>
      <Maximum>1</Maximum>
      <Minimum>0</Minimum>
      <Units />
    </SerializableParameter>
    <SerializableParameter>
      <Name>pfr_init</Name>
      <Description>Initial PFR storage</Description>
      <ValueType>2</ValueType>
      <VariableType>Parameter</VariableType>
      <Dimension>2</Dimension>
      <DimensionNames>nhru</DimensionNames>
      <DimensionNames>nlayer</DimensionNames>
      <DefaultValue>0</DefaultValue>
      <ModuleName>ecology_general</ModuleName>
      <Maximum>1</Maximum>
      <Minimum>0</Minimum>
      <Units />
    </SerializableParameter>
    <SerializableParameter>
      <Name>slowcoef_lin</Name>
      <Description>Linear flow-routing coefficient forslow interflow</Description>
      <ValueType>2</ValueType>
      <VariableType>Parameter</VariableType>
      <Dimension>1</Dimension>
      <DimensionNames>nhru</DimensionNames>
      <DefaultValue>0.015</DefaultValue>
      <ModuleName>soilzone</ModuleName>
      <Maximum>1</Maximum>
      <Minimum>0</Minimum>
      <Units>per day</Units>
    </SerializableParameter>
    <SerializableParameter>
      <Name>slowcoef_sq</Name>
      <Description>Non-linear flow-routing coefficient forslow interflow</Description>
      <ValueType>2</ValueType>
      <VariableType>Parameter</VariableType>
      <Dimension>1</Dimension>
      <DimensionNames>nhru</DimensionNames>
      <DefaultValue>0.1</DefaultValue>
      <ModuleName>soilzone</ModuleName>
      <Maximum>1</Maximum>
      <Minimum>0</Minimum>
      <Units>per inch-day</Units>
    </SerializableParameter>
    <SerializableParameter>
      <Name>fastcoef_lin</Name>
      <Description>Linear flow-routing coefficient for fast interflow</Description>
      <ValueType>2</ValueType>
      <VariableType>Parameter</VariableType>
      <Dimension>1</Dimension>
      <DimensionNames>nhru</DimensionNames>
      <DefaultValue>0.1</DefaultValue>
      <ModuleName>soilzone</ModuleName>
      <Maximum>1</Maximum>
      <Minimum>0</Minimum>
      <Units>per day</Units>
    </SerializableParameter>
    <SerializableParameter>
      <Name>fastcoef_sq</Name>
      <Description>Non-linear flow-routing coefficient forfast interflow</Description>
      <ValueType>2</ValueType>
      <VariableType>Parameter</VariableType>
      <Dimension>1</Dimension>
      <DimensionNames>nhru</DimensionNames>
      <DefaultValue>0.8</DefaultValue>
      <ModuleName>soilzone</ModuleName>
      <Maximum>1</Maximum>
      <Minimum>0</Minimum>
      <Units>per inch-day</Units>
    </SerializableParameter>
    <SerializableParameter>
      <Name>draincoef_lin</Name>
      <Description>Coefficient to route water from gravity reservoir to GWR</Description>
      <ValueType>2</ValueType>
      <VariableType>Parameter</VariableType>
      <Dimension>1</Dimension>
      <DimensionNames>nhru</DimensionNames>
      <DefaultValue>0.1</DefaultValue>
      <ModuleName>soilzone</ModuleName>
      <Maximum>1</Maximum>
      <Minimum>0</Minimum>
      <Units />
    </SerializableParameter>
    <SerializableParameter>
      <Name>draincoef_sq</Name>
      <Description>Coefficient to route water from subsurface to groundwater</Description>
      <ValueType>2</ValueType>
      <VariableType>Parameter</VariableType>
      <Dimension>1</Dimension>
      <DimensionNames>nhru</DimensionNames>
      <DefaultValue>1</DefaultValue>
      <ModuleName>soilzone</ModuleName>
      <Maximum>3</Maximum>
      <Minimum>0</Minimum>
      <Units />
    </SerializableParameter>
    <SerializableParameter>
      <Name>esco</Name>
      <Description>Esco for Evaporation only situation</Description>
      <ValueType>2</ValueType>
      <VariableType>Parameter</VariableType>
      <Dimension>1</Dimension>
      <DimensionNames>nhru</DimensionNames>
      <DefaultValue>1</DefaultValue>
      <ModuleName>ecology_general</ModuleName>
      <Maximum>1</Maximum>
      <Minimum>0</Minimum>
      <Units />
    </SerializableParameter>
    <SerializableParameter>
      <Name>epco</Name>
      <Description>Epco for both E and T are active</Description>
      <ValueType>2</ValueType>
      <VariableType>Parameter</VariableType>
      <Dimension>1</Dimension>
      <DimensionNames>nhru</DimensionNames>
      <DefaultValue>1</DefaultValue>
      <ModuleName>ecology_general</ModuleName>
      <Maximum>1</Maximum>
      <Minimum>0</Minimum>
      <Units />
    </SerializableParameter>
    <SerializableParameter>
      <Name>lake_evap_adj</Name>
      <Description>Monthly potet factor to adjust potet on lakes</Description>
      <ValueType>2</ValueType>
      <VariableType>Parameter</VariableType>
      <Dimension>2</Dimension>
      <DimensionNames>nmonths</DimensionNames>
      <DimensionNames>nlake</DimensionNames>
      <DefaultValue>1</DefaultValue>
      <ModuleName>ecology_general</ModuleName>
      <Maximum>3</Maximum>
      <Minimum>0.005</Minimum>
      <Units />
    </SerializableParameter>
    <SerializableParameter>
      <Name>hru_covden</Name>
      <Description>Cover density of each HRU</Description>
      <ValueType>2</ValueType>
      <VariableType>Parameter</VariableType>
      <Dimension>1</Dimension>
      <DimensionNames>nhru</DimensionNames>
      <DefaultValue>0.5</DefaultValue>
      <ModuleName>ecology_general</ModuleName>
      <Maximum>1</Maximum>
      <Minimum>0</Minimum>
      <Units />
    </SerializableParameter>
    <SerializableParameter>
      <Name>hru_solalb</Name>
      <Description>Soil albedo for each HRU</Description>
      <ValueType>2</ValueType>
      <VariableType>Parameter</VariableType>
      <Dimension>1</Dimension>
      <DimensionNames>nhru</DimensionNames>
      <DefaultValue>0.23</DefaultValue>
      <ModuleName>soltab</ModuleName>
      <Maximum>1</Maximum>
      <Minimum>0</Minimum>
      <Units />
    </SerializableParameter>
    <SerializableParameter>
      <Name>co2_bsn</Name>
      <Description>CO2 concentration for the whole basin</Description>
      <ValueType>2</ValueType>
      <VariableType>Parameter</VariableType>
      <Dimension>1</Dimension>
      <DimensionNames>one</DimensionNames>
      <DefaultValue>330</DefaultValue>
      <ModuleName>ecology_general</ModuleName>
      <Maximum>800</Maximum>
      <Minimum>200</Minimum>
      <Units />
    </SerializableParameter>
    <SerializableParameter>
      <Name>esd_mm</Name>
      <Description>Maximum evaporation depth</Description>
      <ValueType>2</ValueType>
      <VariableType>Parameter</VariableType>
      <Dimension>1</Dimension>
      <DimensionNames>one</DimensionNames>
      <DefaultValue>500</DefaultValue>
      <ModuleName>ecology_general</ModuleName>
      <Maximum>400</Maximum>
      <Minimum>1</Minimum>
      <Units />
    </SerializableParameter>
    <SerializableParameter>
      <Name>rc_adj</Name>
      <Description>resistance of canopy multiplier</Description>
      <ValueType>2</ValueType>
      <VariableType>Parameter</VariableType>
      <Dimension>1</Dimension>
      <DimensionNames>one</DimensionNames>
      <DefaultValue>2</DefaultValue>
      <ModuleName>ecology_general</ModuleName>
      <Maximum>100</Maximum>
      <Minimum>0.01</Minimum>
      <Units />
    </SerializableParameter>
    <SerializableParameter>
      <Name>idplt</Name>
      <Description>hru crop/landcover category index</Description>
      <ValueType>1</ValueType>
      <VariableType>Parameter</VariableType>
      <Dimension>1</Dimension>
      <DimensionNames>nhru</DimensionNames>
      <DefaultValue>10</DefaultValue>
      <ModuleName>ecology_general</ModuleName>
      <Maximum>1000</Maximum>
      <Minimum>1</Minimum>
      <Units />
    </SerializableParameter>
    <SerializableParameter>
      <Name>curyr_mat</Name>
      <Description>current age of trees</Description>
      <ValueType>1</ValueType>
      <VariableType>Parameter</VariableType>
      <Dimension>1</Dimension>
      <DimensionNames>nhru</DimensionNames>
      <DefaultValue>30</DefaultValue>
      <ModuleName>ecology_general</ModuleName>
      <Maximum>100</Maximum>
      <Minimum>1</Minimum>
      <Units />
    </SerializableParameter>
    <SerializableParameter>
      <Name>phu_plt</Name>
      <Description>total number of heat units to bring plant to maturity</Description>
      <ValueType>2</ValueType>
      <VariableType>Parameter</VariableType>
      <Dimension>1</Dimension>
      <DimensionNames>nhru</DimensionNames>
      <DefaultValue>4000</DefaultValue>
      <ModuleName>ecology_general</ModuleName>
      <Maximum>10000</Maximum>
      <Minimum>0</Minimum>
      <Units />
    </SerializableParameter>
    <SerializableParameter>
      <Name>bio_targ</Name>
      <Description>target biomass for each HRU</Description>
      <ValueType>2</ValueType>
      <VariableType>Parameter</VariableType>
      <Dimension>1</Dimension>
      <DimensionNames>nhru</DimensionNames>
      <DefaultValue>20</DefaultValue>
      <ModuleName>ecology_general</ModuleName>
      <Maximum>5000</Maximum>
      <Minimum>0</Minimum>
      <Units />
    </SerializableParameter>
    <SerializableParameter>
      <Name>planting_phu</Name>
      <Description>planting when reach this fraction of PHU</Description>
      <ValueType>2</ValueType>
      <VariableType>Parameter</VariableType>
      <Dimension>1</Dimension>
      <DimensionNames>nhru</DimensionNames>
      <DefaultValue>0.1</DefaultValue>
      <ModuleName>ecology_general</ModuleName>
      <Maximum>10</Maximum>
      <Minimum>0</Minimum>
      <Units />
    </SerializableParameter>
    <SerializableParameter>
      <Name>hvst_fphu</Name>
      <Description>harvest(or kill) when reach this fraction of PHU</Description>
      <ValueType>2</ValueType>
      <VariableType>Parameter</VariableType>
      <Dimension>1</Dimension>
      <DimensionNames>nhru</DimensionNames>
      <DefaultValue>1</DefaultValue>
      <ModuleName>ecology_general</ModuleName>
      <Maximum>10</Maximum>
      <Minimum>0</Minimum>
      <Units />
    </SerializableParameter>
    <SerializableParameter>
      <Name>idc</Name>
      <Description>crop/landcover category</Description>
      <ValueType>1</ValueType>
      <VariableType>Parameter</VariableType>
      <Dimension>1</Dimension>
      <DimensionNames>vegtotal</DimensionNames>
      <DefaultValue>3</DefaultValue>
      <ModuleName>ecology_general</ModuleName>
      <Maximum>3</Maximum>
      <Minimum>1</Minimum>
      <Units />
    </SerializableParameter>
    <SerializableParameter>
      <Name>t_opti</Name>
      <Description>Optimal temperature for plant growth</Description>
      <ValueType>2</ValueType>
      <VariableType>Parameter</VariableType>
      <Dimension>1</Dimension>
      <DimensionNames>vegtotal</DimensionNames>
      <DefaultValue>28</DefaultValue>
      <ModuleName>ecology_general</ModuleName>
      <Maximum>40</Maximum>
      <Minimum>-10</Minimum>
      <Units />
    </SerializableParameter>
    <SerializableParameter>
      <Name>t_base</Name>
      <Description>Base temperature for plant growth</Description>
      <ValueType>2</ValueType>
      <VariableType>Parameter</VariableType>
      <Dimension>1</Dimension>
      <DimensionNames>vegtotal</DimensionNames>
      <DefaultValue>10</DefaultValue>
      <ModuleName>ecology_general</ModuleName>
      <Maximum>40</Maximum>
      <Minimum>-10</Minimum>
      <Units />
    </SerializableParameter>
    <SerializableParameter>
      <Name>gsi</Name>
      <Description>maximum leaf conductance</Description>
      <ValueType>2</ValueType>
      <VariableType>Parameter</VariableType>
      <Dimension>1</Dimension>
      <DimensionNames>vegtotal</DimensionNames>
      <DefaultValue>0.01</DefaultValue>
      <ModuleName>ecology_general</ModuleName>
      <Maximum>0.02</Maximum>
      <Minimum>0.001</Minimum>
      <Units />
    </SerializableParameter>
    <SerializableParameter>
      <Name>vpdfr</Name>
      <Description>vapor pressure deficit corresponding to value for frgmax</Description>
      <ValueType>2</ValueType>
      <VariableType>Parameter</VariableType>
      <Dimension>1</Dimension>
      <DimensionNames>vegtotal</DimensionNames>
      <DefaultValue>4</DefaultValue>
      <ModuleName>ecology_general</ModuleName>
      <Maximum>5</Maximum>
      <Minimum>0.5</Minimum>
      <Units />
    </SerializableParameter>
    <SerializableParameter>
      <Name>frgmax</Name>
      <Description>fraction of maximum leaf conductance achieved at vpdfr</Description>
      <ValueType>2</ValueType>
      <VariableType>Parameter</VariableType>
      <Dimension>1</Dimension>
      <DimensionNames>vegtotal</DimensionNames>
      <DefaultValue>0.75</DefaultValue>
      <ModuleName>ecology_general</ModuleName>
      <Maximum>1</Maximum>
      <Minimum>0.1</Minimum>
      <Units />
    </SerializableParameter>
    <SerializableParameter>
      <Name>blai</Name>
      <Description>Potential maximum leaf area index for the plant</Description>
      <ValueType>2</ValueType>
      <VariableType>Parameter</VariableType>
      <Dimension>1</Dimension>
      <DimensionNames>vegtotal</DimensionNames>
      <DefaultValue>4</DefaultValue>
      <ModuleName>ecology_general</ModuleName>
      <Maximum>100</Maximum>
      <Minimum>0</Minimum>
      <Units />
    </SerializableParameter>
    <SerializableParameter>
      <Name>frgrw1</Name>
      <Description>Fraction of the growing season corresponding to the 1st point on the optimal leaf area development curve</Description>
      <ValueType>2</ValueType>
      <VariableType>Parameter</VariableType>
      <Dimension>1</Dimension>
      <DimensionNames>vegtotal</DimensionNames>
      <DefaultValue>0.05</DefaultValue>
      <ModuleName>ecology_general</ModuleName>
      <Maximum>1</Maximum>
      <Minimum>0</Minimum>
      <Units />
    </SerializableParameter>
    <SerializableParameter>
      <Name>laimx1</Name>
      <Description>Fraction of the maximum LAI corresponding to the 1st point on optimal leaf area development curve</Description>
      <ValueType>2</ValueType>
      <VariableType>Parameter</VariableType>
      <Dimension>1</Dimension>
      <DimensionNames>vegtotal</DimensionNames>
      <DefaultValue>0.1</DefaultValue>
      <ModuleName>ecology_general</ModuleName>
      <Maximum>1</Maximum>
      <Minimum>0</Minimum>
      <Units />
    </SerializableParameter>
    <SerializableParameter>
      <Name>frgrw2</Name>
      <Description>Fraction of the growing season corresponding to the 2nd point on the optimal leaf area development curve</Description>
      <ValueType>2</ValueType>
      <VariableType>Parameter</VariableType>
      <Dimension>1</Dimension>
      <DimensionNames>vegtotal</DimensionNames>
      <DefaultValue>0.4</DefaultValue>
      <ModuleName>ecology_general</ModuleName>
      <Maximum>1</Maximum>
      <Minimum>0</Minimum>
      <Units />
    </SerializableParameter>
    <SerializableParameter>
      <Name>laimx2</Name>
      <Description>Fraction of the growing season corresponding to the 2nd point on the optimal leaf area development curve</Description>
      <ValueType>2</ValueType>
      <VariableType>Parameter</VariableType>
      <Dimension>1</Dimension>
      <DimensionNames>vegtotal</DimensionNames>
      <DefaultValue>0.95</DefaultValue>
      <ModuleName>ecology_general</ModuleName>
      <Maximum>1</Maximum>
      <Minimum>0</Minimum>
      <Units />
    </SerializableParameter>
    <SerializableParameter>
      <Name>dlai</Name>
      <Description>Fraction of growing season at which senescence becomes the dominant growth process</Description>
      <ValueType>2</ValueType>
      <VariableType>Parameter</VariableType>
      <Dimension>1</Dimension>
      <DimensionNames>vegtotal</DimensionNames>
      <DefaultValue>0.99</DefaultValue>
      <ModuleName>ecology_general</ModuleName>
      <Maximum>1</Maximum>
      <Minimum>0</Minimum>
      <Units />
    </SerializableParameter>
    <SerializableParameter>
      <Name>a_falling</Name>
      <Description>coefficient for leaf falling period: multiplie</Description>
      <ValueType>2</ValueType>
      <VariableType>Parameter</VariableType>
      <Dimension>1</Dimension>
      <DimensionNames>vegtotal</DimensionNames>
      <DefaultValue>0.1</DefaultValue>
      <ModuleName>ecology_general</ModuleName>
      <Maximum>0.9</Maximum>
      <Minimum>0.001</Minimum>
      <Units />
    </SerializableParameter>
    <SerializableParameter>
      <Name>min_falling</Name>
      <Description>minimum LAI reduction during leaf falling period</Description>
      <ValueType>2</ValueType>
      <VariableType>Parameter</VariableType>
      <Dimension>1</Dimension>
      <DimensionNames>vegtotal</DimensionNames>
      <DefaultValue>0.1</DefaultValue>
      <ModuleName>ecology_general</ModuleName>
      <Maximum>5</Maximum>
      <Minimum>0.001</Minimum>
      <Units />
    </SerializableParameter>
    <SerializableParameter>
      <Name>alai_min</Name>
      <Description>minimum LAI during winter dormant period</Description>
      <ValueType>2</ValueType>
      <VariableType>Parameter</VariableType>
      <Dimension>1</Dimension>
      <DimensionNames>vegtotal</DimensionNames>
      <DefaultValue>1</DefaultValue>
      <ModuleName>ecology_general</ModuleName>
      <Maximum>100</Maximum>
      <Minimum>0</Minimum>
      <Units />
    </SerializableParameter>
    <SerializableParameter>
      <Name>bio_e</Name>
      <Description>'Radiation use efficiency (RUE) in ambient CO2</Description>
      <ValueType>2</ValueType>
      <VariableType>Parameter</VariableType>
      <Dimension>1</Dimension>
      <DimensionNames>vegtotal</DimensionNames>
      <DefaultValue>10</DefaultValue>
      <ModuleName>ecology_general</ModuleName>
      <Maximum>10000</Maximum>
      <Minimum>0</Minimum>
      <Units />
    </SerializableParameter>
    <SerializableParameter>
      <Name>co2hi</Name>
      <Description>Elevated CO2 atmospheric concentration</Description>
      <ValueType>2</ValueType>
      <VariableType>Parameter</VariableType>
      <Dimension>1</Dimension>
      <DimensionNames>vegtotal</DimensionNames>
      <DefaultValue>330</DefaultValue>
      <ModuleName>ecology_general</ModuleName>
      <Maximum>330</Maximum>
      <Minimum>660</Minimum>
      <Units />
    </SerializableParameter>
    <SerializableParameter>
      <Name>bioehi</Name>
      <Description>Radiation use efficiency (RUE) at elevated CO2 con</Description>
      <ValueType>2</ValueType>
      <VariableType>Parameter</VariableType>
      <Dimension>1</Dimension>
      <DimensionNames>vegtotal</DimensionNames>
      <DefaultValue>10</DefaultValue>
      <ModuleName>ecology_general</ModuleName>
      <Maximum>10000</Maximum>
      <Minimum>0</Minimum>
      <Units />
    </SerializableParameter>
    <SerializableParameter>
      <Name>wavp</Name>
      <Description>Rate of decline in RUE per unit increase in vapor pressure deficit</Description>
      <ValueType>2</ValueType>
      <VariableType>Parameter</VariableType>
      <Dimension>1</Dimension>
      <DimensionNames>vegtotal</DimensionNames>
      <DefaultValue>1</DefaultValue>
      <ModuleName>ecology_general</ModuleName>
      <Maximum>10000</Maximum>
      <Minimum>0</Minimum>
      <Units />
    </SerializableParameter>
    <SerializableParameter>
      <Name>ext_coef</Name>
      <Description>light extionction coefficient</Description>
      <ValueType>2</ValueType>
      <VariableType>Parameter</VariableType>
      <Dimension>1</Dimension>
      <DimensionNames>vegtotal</DimensionNames>
      <DefaultValue>0.3</DefaultValue>
      <ModuleName>ecology_general</ModuleName>
      <Maximum>1</Maximum>
      <Minimum>0</Minimum>
      <Units />
    </SerializableParameter>
    <SerializableParameter>
      <Name>chtmx</Name>
      <Description>Plant potential maximum canopy height</Description>
      <ValueType>2</ValueType>
      <VariableType>Parameter</VariableType>
      <Dimension>1</Dimension>
      <DimensionNames>vegtotal</DimensionNames>
      <DefaultValue>20</DefaultValue>
      <ModuleName>ecology_general</ModuleName>
      <Maximum>100</Maximum>
      <Minimum>0</Minimum>
      <Units />
    </SerializableParameter>
    <SerializableParameter>
      <Name>rdmx</Name>
      <Description>Maximum rooting depth for plant</Description>
      <ValueType>2</ValueType>
      <VariableType>Parameter</VariableType>
      <Dimension>1</Dimension>
      <DimensionNames>vegtotal</DimensionNames>
      <DefaultValue>2</DefaultValue>
      <ModuleName>ecology_general</ModuleName>
      <Maximum>20</Maximum>
      <Minimum>0</Minimum>
      <Units />
    </SerializableParameter>
    <SerializableParameter>
      <Name>bmx_trees</Name>
      <Description>the biomass of a fully developed tree stand for the specific tree species</Description>
      <ValueType>2</ValueType>
      <VariableType>Parameter</VariableType>
      <Dimension>1</Dimension>
      <DimensionNames>vegtotal</DimensionNames>
      <DefaultValue>100</DefaultValue>
      <ModuleName>ecology_general</ModuleName>
      <Maximum>10000</Maximum>
      <Minimum>0</Minimum>
      <Units />
    </SerializableParameter>
    <SerializableParameter>
      <Name>bio_leaf</Name>
      <Description>fraction of tree biomass that is converted to residue during dormancy</Description>
      <ValueType>2</ValueType>
      <VariableType>Parameter</VariableType>
      <Dimension>1</Dimension>
      <DimensionNames>vegtotal</DimensionNames>
      <DefaultValue>0.2</DefaultValue>
      <ModuleName>ecology_general</ModuleName>
      <Maximum>1</Maximum>
      <Minimum>0</Minimum>
      <Units />
    </SerializableParameter>
    <SerializableParameter>
      <Name>canmx</Name>
      <Description>maximum canopy storage for each type of plant</Description>
      <ValueType>2</ValueType>
      <VariableType>Parameter</VariableType>
      <Dimension>1</Dimension>
      <DimensionNames>vegtotal</DimensionNames>
      <DefaultValue>2</DefaultValue>
      <ModuleName>ecology_general</ModuleName>
      <Maximum>50</Maximum>
      <Minimum>0</Minimum>
      <Units />
    </SerializableParameter>
    <SerializableParameter>
      <Name>mat_yrs</Name>
      <Description>Total years for the tree species to reach full development</Description>
      <ValueType>1</ValueType>
      <VariableType>Parameter</VariableType>
      <Dimension>1</Dimension>
      <DimensionNames>vegtotal</DimensionNames>
      <DefaultValue>20</DefaultValue>
      <ModuleName>ecology_general</ModuleName>
      <Maximum>1000</Maximum>
      <Minimum>1</Minimum>
      <Units />
    </SerializableParameter>
    <SerializableParameter>
      <Name>tstorm_mo</Name>
      <Description>Monthly storm prevalence (0=frontalstorms prevalent; 1=convectivestorms prevalent)</Description>
      <ValueType>1</ValueType>
      <VariableType>Parameter</VariableType>
      <Dimension>1</Dimension>
      <DimensionNames>nmonths</DimensionNames>
      <DefaultValue>0</DefaultValue>
      <ModuleName>snowcomp</ModuleName>
      <Maximum>1</Maximum>
      <Minimum>0</Minimum>
      <Units>dimensionless</Units>
    </SerializableParameter>
    <SerializableParameter>
      <Name>pop_hru_id</Name>
      <Description />
      <ValueType>1</ValueType>
      <VariableType>Parameter</VariableType>
      <Dimension>1</Dimension>
      <DimensionNames>nhru_pop</DimensionNames>
      <DefaultValue>1</DefaultValue>
      <ModuleName>ecology_general</ModuleName>
      <Maximum>1000000</Maximum>
      <Minimum>1</Minimum>
      <Units />
    </SerializableParameter>
    <SerializableParameter>
      <Name>idpop</Name>
      <Description>hru populus type index</Description>
      <ValueType>1</ValueType>
      <VariableType>Parameter</VariableType>
      <Dimension>1</Dimension>
      <DimensionNames>nhru_pop</DimensionNames>
      <DefaultValue>1</DefaultValue>
      <ModuleName>ecology_general</ModuleName>
      <Maximum>10</Maximum>
      <Minimum>1</Minimum>
      <Units />
    </SerializableParameter>
    <SerializableParameter>
      <Name>treeage_init</Name>
      <Description>current age of tree</Description>
      <ValueType>1</ValueType>
      <VariableType>Parameter</VariableType>
      <Dimension>1</Dimension>
      <DimensionNames>nhru_pop</DimensionNames>
      <DefaultValue>30</DefaultValue>
      <ModuleName>ecology_general</ModuleName>
      <Maximum>500</Maximum>
      <Minimum>0</Minimum>
      <Units />
    </SerializableParameter>
    <SerializableParameter>
      <Name>mat_yrs_pop</Name>
      <Description>number of years to get maturity</Description>
      <ValueType>1</ValueType>
      <VariableType>Parameter</VariableType>
      <Dimension>1</Dimension>
      <DimensionNames>one</DimensionNames>
      <DefaultValue>40</DefaultValue>
      <ModuleName>ecopopulus</ModuleName>
      <Maximum>200</Maximum>
      <Minimum>10</Minimum>
      <Units />
    </SerializableParameter>
    <SerializableParameter>
      <Name>chtmx_pop</Name>
      <Description>max canopy height</Description>
      <ValueType>2</ValueType>
      <VariableType>Parameter</VariableType>
      <Dimension>1</Dimension>
      <DimensionNames>one</DimensionNames>
      <DefaultValue>15</DefaultValue>
      <ModuleName>ecopopulus</ModuleName>
      <Maximum>30</Maximum>
      <Minimum>0</Minimum>
      <Units />
    </SerializableParameter>
    <SerializableParameter>
      <Name>rdmx_pop</Name>
      <Description>maximum root depth for p.euphratica</Description>
      <ValueType>2</ValueType>
      <VariableType>Parameter</VariableType>
      <Dimension>1</Dimension>
      <DimensionNames>one</DimensionNames>
      <DefaultValue>3</DefaultValue>
      <ModuleName>ecopopulus</ModuleName>
      <Maximum>10</Maximum>
      <Minimum>1</Minimum>
      <Units />
    </SerializableParameter>
    <SerializableParameter>
      <Name>phu_plt_pop</Name>
      <Description>potential heat units</Description>
      <ValueType>2</ValueType>
      <VariableType>Parameter</VariableType>
      <Dimension>1</Dimension>
      <DimensionNames>n_poptype</DimensionNames>
      <DefaultValue>3200</DefaultValue>
      <ModuleName>ecopopulus</ModuleName>
      <Maximum>8000</Maximum>
      <Minimum>0</Minimum>
      <Units />
    </SerializableParameter>
    <SerializableParameter>
      <Name>t_base_pop</Name>
      <Description>base temperature to grow</Description>
      <ValueType>2</ValueType>
      <VariableType>Parameter</VariableType>
      <Dimension>1</Dimension>
      <DimensionNames>n_poptype</DimensionNames>
      <DefaultValue>10</DefaultValue>
      <ModuleName>ecopopulus</ModuleName>
      <Maximum>20</Maximum>
      <Minimum>1</Minimum>
      <Units />
    </SerializableParameter>
    <SerializableParameter>
      <Name>blai_pop</Name>
      <Description>BLAI for populus</Description>
      <ValueType>2</ValueType>
      <VariableType>Parameter</VariableType>
      <Dimension>1</Dimension>
      <DimensionNames>n_poptype</DimensionNames>
      <DefaultValue>3</DefaultValue>
      <ModuleName>ecopopulus</ModuleName>
      <Maximum>10</Maximum>
      <Minimum>0</Minimum>
      <Units />
    </SerializableParameter>
    <SerializableParameter>
      <Name>canmx_pop</Name>
      <Description>maximum canopy storage for populus</Description>
      <ValueType>2</ValueType>
      <VariableType>Parameter</VariableType>
      <Dimension>1</Dimension>
      <DimensionNames>n_poptype</DimensionNames>
      <DefaultValue>2</DefaultValue>
      <ModuleName>ecopopulus</ModuleName>
      <Maximum>50</Maximum>
      <Minimum>0</Minimum>
      <Units />
    </SerializableParameter>
    <SerializableParameter>
      <Name>frgrw1_pop</Name>
      <Description>point value for LAI curve shape</Description>
      <ValueType>2</ValueType>
      <VariableType>Parameter</VariableType>
      <Dimension>1</Dimension>
      <DimensionNames>n_poptype</DimensionNames>
      <DefaultValue>0.05</DefaultValue>
      <ModuleName>ecopopulus</ModuleName>
      <Maximum>1</Maximum>
      <Minimum>0</Minimum>
      <Units />
    </SerializableParameter>
    <SerializableParameter>
      <Name>frgrw2_pop</Name>
      <Description>point value for LAI curve shape','corresponding to the 2st point of lai curve</Description>
      <ValueType>2</ValueType>
      <VariableType>Parameter</VariableType>
      <Dimension>1</Dimension>
      <DimensionNames>n_poptype</DimensionNames>
      <DefaultValue>0.5</DefaultValue>
      <ModuleName>ecopopulus</ModuleName>
      <Maximum>1</Maximum>
      <Minimum>0</Minimum>
      <Units />
    </SerializableParameter>
    <SerializableParameter>
      <Name>laimx1_pop</Name>
      <Description>point value for LAI curve shape</Description>
      <ValueType>2</ValueType>
      <VariableType>Parameter</VariableType>
      <Dimension>1</Dimension>
      <DimensionNames>n_poptype</DimensionNames>
      <DefaultValue>0.05</DefaultValue>
      <ModuleName>ecopopulus</ModuleName>
      <Maximum>1</Maximum>
      <Minimum>0</Minimum>
      <Units />
    </SerializableParameter>
    <SerializableParameter>
      <Name>laimx2_pop</Name>
      <Description>point value for LAI curve shape</Description>
      <ValueType>2</ValueType>
      <VariableType>Parameter</VariableType>
      <Dimension>1</Dimension>
      <DimensionNames>n_poptype</DimensionNames>
      <DefaultValue>0.9</DefaultValue>
      <ModuleName>ecopopulus</ModuleName>
      <Maximum>1</Maximum>
      <Minimum>0</Minimum>
      <Units />
    </SerializableParameter>
    <SerializableParameter>
      <Name>dlai_pop</Name>
      <Description>the fraction of growing season(PHU) when leaf area declines</Description>
      <ValueType>2</ValueType>
      <VariableType>Parameter</VariableType>
      <Dimension>1</Dimension>
      <DimensionNames>n_poptype</DimensionNames>
      <DefaultValue>0.9</DefaultValue>
      <ModuleName>ecopopulus</ModuleName>
      <Maximum>1</Maximum>
      <Minimum>0</Minimum>
      <Units />
    </SerializableParameter>
    <SerializableParameter>
      <Name>alai_min_pop</Name>
      <Description>minimum LAI during winter','minimum LAI during winter</Description>
      <ValueType>2</ValueType>
      <VariableType>Parameter</VariableType>
      <Dimension>1</Dimension>
      <DimensionNames>n_poptype</DimensionNames>
      <DefaultValue>0.2</DefaultValue>
      <ModuleName>ecopopulus</ModuleName>
      <Maximum>1</Maximum>
      <Minimum>0</Minimum>
      <Units />
    </SerializableParameter>
    <SerializableParameter>
      <Name>deltahd</Name>
      <Description>photothesis parameters</Description>
      <ValueType>2</ValueType>
      <VariableType>Parameter</VariableType>
      <Dimension>1</Dimension>
      <DimensionNames>one</DimensionNames>
      <DefaultValue>149250</DefaultValue>
      <ModuleName>ecopopulus</ModuleName>
      <Maximum>1000000</Maximum>
      <Minimum>0</Minimum>
      <Units />
    </SerializableParameter>
    <SerializableParameter>
      <Name>deltas</Name>
      <Description>photothesis parameters</Description>
      <ValueType>2</ValueType>
      <VariableType>Parameter</VariableType>
      <Dimension>1</Dimension>
      <DimensionNames>one</DimensionNames>
      <DefaultValue>460</DefaultValue>
      <ModuleName>ecopopulus</ModuleName>
      <Maximum>1000</Maximum>
      <Minimum>0</Minimum>
      <Units />
    </SerializableParameter>
    <SerializableParameter>
      <Name>kc25</Name>
      <Description />
      <ValueType>2</ValueType>
      <VariableType>Parameter</VariableType>
      <Dimension>1</Dimension>
      <DimensionNames>one</DimensionNames>
      <DefaultValue>27</DefaultValue>
      <ModuleName>ecopopulus</ModuleName>
      <Maximum>100</Maximum>
      <Minimum>0</Minimum>
      <Units />
    </SerializableParameter>
    <SerializableParameter>
      <Name>ko25</Name>
      <Description />
      <ValueType>2</ValueType>
      <VariableType>Parameter</VariableType>
      <Dimension>1</Dimension>
      <DimensionNames>one</DimensionNames>
      <DefaultValue>16582</DefaultValue>
      <ModuleName>ecopopulus</ModuleName>
      <Maximum>100000</Maximum>
      <Minimum>0</Minimum>
      <Units />
    </SerializableParameter>
    <SerializableParameter>
      <Name>taustar25</Name>
      <Description>CO2 conpensation point</Description>
      <ValueType>2</ValueType>
      <VariableType>Parameter</VariableType>
      <Dimension>1</Dimension>
      <DimensionNames>one</DimensionNames>
      <DefaultValue>2.7</DefaultValue>
      <ModuleName>ecopopulus</ModuleName>
      <Maximum>10</Maximum>
      <Minimum>0</Minimum>
      <Units />
    </SerializableParameter>
    <SerializableParameter>
      <Name>vmax25</Name>
      <Description>maximum rate of carboxylation</Description>
      <ValueType>2</ValueType>
      <VariableType>Parameter</VariableType>
      <Dimension>1</Dimension>
      <DimensionNames>one</DimensionNames>
      <DefaultValue>105</DefaultValue>
      <ModuleName>ecopopulus</ModuleName>
      <Maximum>1000</Maximum>
      <Minimum>0</Minimum>
      <Units />
    </SerializableParameter>
    <SerializableParameter>
      <Name>rdark25</Name>
      <Description>dark respiration</Description>
      <ValueType>2</ValueType>
      <VariableType>Parameter</VariableType>
      <Dimension>1</Dimension>
      <DimensionNames>one</DimensionNames>
      <DefaultValue>0.24</DefaultValue>
      <ModuleName>ecopopulus</ModuleName>
      <Maximum>10</Maximum>
      <Minimum>0</Minimum>
      <Units />
    </SerializableParameter>
    <SerializableParameter>
      <Name>coefm</Name>
      <Description>the slope of the stomatal index and the stomatal conductance</Description>
      <ValueType>2</ValueType>
      <VariableType>Parameter</VariableType>
      <Dimension>1</Dimension>
      <DimensionNames>one</DimensionNames>
      <DefaultValue>22</DefaultValue>
      <ModuleName>ecopopulus</ModuleName>
      <Maximum>100</Maximum>
      <Minimum>0</Minimum>
      <Units />
    </SerializableParameter>
    <SerializableParameter>
      <Name>g_swmin</Name>
      <Description />
      <ValueType>2</ValueType>
      <VariableType>Parameter</VariableType>
      <Dimension>1</Dimension>
      <DimensionNames>nmonths</DimensionNames>
      <DefaultValue>0.02</DefaultValue>
      <ModuleName>ecopopulus</ModuleName>
      <Maximum>10</Maximum>
      <Minimum>0</Minimum>
      <Units />
    </SerializableParameter>
    <SerializableParameter>
      <Name>extpar</Name>
      <Description>extinction coefficient</Description>
      <ValueType>2</ValueType>
      <VariableType>Parameter</VariableType>
      <Dimension>1</Dimension>
      <DimensionNames>one</DimensionNames>
      <DefaultValue>0.6</DefaultValue>
      <ModuleName>ecopopulus</ModuleName>
      <Maximum>1</Maximum>
      <Minimum>0</Minimum>
      <Units />
    </SerializableParameter>
  </DefaultParameters>
  <_nhru_dim_names>
    <string>nhru</string>
    <string>nssr</string>
    <string>ngw</string>
    <string>nhrucell</string>
    <string>ngwcell</string>
  </_nhru_dim_names>
</MMSPackage>